protocol,model,accuracy,macro_f1,precision_fake,recall_fake,f1_fake,brier,ece,auroc,auprc,tn,fp,fn,tp,macro_f1_lo,macro_f1_hi,accuracy_lo,accuracy_hi
random,tfidf_lr,0.7518917679431323,0.7506882409183477,0.7595712098009189,0.708909004287756,0.7333661902414983,0.16922648584074657,0.06720775493376042,0.8381864927469567,0.8169338263058147,1791,471,611,1488,0.7376808213801936,0.7643254226063705,0.7390506764503554,0.7654207750515937
random,subreddit_probe,1.0,1.0,1.0,1.0,1.0,3.8370877270120846e-05,0.005435178664648111,1.0,1.0,2262,0,0,2099,1.0,1.0,1.0,1.0
random,llm_zeroshot,0.5113506076587938,0.4528480536619557,0.4956616052060738,0.8708909004287756,0.631760843269397,0.36812111735343933,0.33294094363652466,0.5619280411833516,0.5266270031240814,402,1860,271,1828,0.437934640580318,0.4676153436218736,0.496669341894061,0.5262611786287549
random,majority,0.5186883742260949,0.341537067794051,0.0,0.0,0.0,0.4813116192817688,0.48131162577390507,0.5,0.48131162577390507,2262,0,2099,0,0.33501067398597134,0.3479366028708134,0.5037835358862646,0.5335932125659253
random,text,0.7897271268057785,0.7896375323569358,0.7720994475138122,0.7989518818484993,0.7852961835635682,0.14634589850902557,0.052151641959862216,0.875073768865558,0.8651949446201691,1767,495,422,1677,0.7779473354276824,0.8023281892088878,0.7780325613391424,0.8023446457234579
random,image,0.8087594588397157,0.8083192092181986,0.8080857282026302,0.790376369699857,0.7991329479768786,0.13317999243736267,0.022876820920175775,0.8901818010260454,0.89375416013099,1868,394,440,1659,0.7963939745652295,0.8196893333998674,0.7968355881678514,0.8202304517312543
random,meta,0.7349231827562486,0.7348447584708659,0.7155921353452218,0.7455931395902811,0.730284647690154,0.17826053500175476,0.029603139140058674,0.8101287337787477,0.7946101272589475,1640,622,534,1565,0.7211441904249022,0.7474558590104929,0.7211648704425591,0.7475349690437973
random,cons,0.679202017885806,0.6689345311231838,0.7342704149933066,0.5226298237255836,0.610631784024492,0.21733812987804413,0.032472809686542675,0.6971139892728169,0.7111940949331335,1865,397,1002,1097,0.6541108178785575,0.6833038598556826,0.6642971795459757,0.6929603301994955
random,concat,0.8605824352212795,0.8602915265096909,0.8613669413475521,0.8465936160076227,0.853916386352715,0.10298920422792435,0.0377632060029062,0.9344978809748568,0.9324355694213381,1976,286,322,1777,0.8503476881421271,0.8710588991587792,0.8504930061912406,0.871359779867003
random,concat_meta,0.900252235725751,0.89999307819369,0.907843137254902,0.8823249166269652,0.8949021502778449,0.07575858384370804,0.037319919282800706,0.9631776994560587,0.9632011210181738,2074,188,247,1852,0.8909360047631908,0.9083780123273362,0.891303600091722,0.9085129557440954
random,late,0.8420087135977987,0.8416690128640116,0.8422330097087378,0.8265840876607908,0.8343351767251743,0.11275126039981842,0.03041096245222917,0.9217397110071784,0.9210069469092951,1937,325,364,1735,0.8306308038647964,0.8526107151446513,0.831002063746847,0.8527917908736529
random,cgf,0.9048383398303141,0.9045345703260478,0.9176587301587301,0.8813720819437828,0.8991494532199271,0.0732705146074295,0.046413030433520824,0.9665087244188951,0.9652944448013868,2096,166,249,1850,0.8953748859435874,0.912749148623416,0.8956661316211878,0.9130933272185279
random,cgf_no_gate,0.9011694565466636,0.9009218748163295,0.9080234833659491,0.8842305859933302,0.8959691045136374,0.07524765282869339,0.0373780301878196,0.9625926033574995,0.9609993545782134,2074,188,243,1856,0.8919419691026513,0.9097590426240827,0.8922265535427654,0.9098887869754644
random,cgf_no_cons,0.8899335014904838,0.8895439031957804,0.9041437843235147,0.8627918056217246,0.8829839102876645,0.0830429419875145,0.036351966243463645,0.955897907681187,0.956457631304929,2070,192,288,1811,0.8797295148778617,0.8980534472836136,0.8803026828709012,0.8984235267140565
random,cgf_no_inter,0.9055262554459986,0.9053908210458206,0.9022412970910825,0.9013816102906146,0.9018112488083889,0.07284865528345108,0.03805496358983021,0.9660335707837803,0.9645880974600024,2057,205,207,1892,0.8965806936887372,0.91382215623291,0.8968126576473286,0.9140105480394405
random,cgf_no_meta,0.8814492088970419,0.881095063479881,0.8908102766798419,0.8589804668889948,0.8746058695124909,0.08906209468841553,0.042815699966654686,0.950272834228248,0.9477851504345526,2041,221,296,1803,0.8716123631144618,0.8909999412761653,0.8718183902774593,0.8913093327218528
random,concat_adv,0.8511809218069251,0.8508081131225009,0.8546966731898239,0.8323010957598856,0.8433502293024379,0.10810644179582596,0.02705107090195584,0.9254764910578023,0.9209268677427833,1965,297,352,1747,0.8404066181706507,0.86166790916818,0.8408621875716579,0.8619582664526485
random,cgf_adv,0.8917679431323091,0.8916202270381837,0.8871965730604474,0.88804192472606,0.8876190476190476,0.07778501510620117,0.026261968682316148,0.9592522059049634,0.9570223892430166,2025,237,235,1864,0.8821369347875698,0.9005218294818526,0.8823664297179546,0.900716578766338
random,llm_emb,0.7810135290071084,0.7807541458724,0.7708333333333334,0.7756074321105288,0.7732130135359772,0.14813438057899475,0.019456721574061243,0.8675705116621152,0.8511228514670894,1778,484,471,1628,0.767991004370106,0.7923697235278163,0.7684017427195597,0.7927080944737446
random,cgf_llm,0.9025452877780326,0.902426753008402,0.8966824644549763,0.9013816102906146,0.8990258968876218,0.0736832320690155,0.0406444473160062,0.9637979687182099,0.9617681332771786,2044,218,207,1892,0.8937563201223866,0.91110853397733,0.8938316899793626,0.9112588855767025
random,cgf_llm_adv,0.8917679431323091,0.8914024418295953,0.904927824788452,0.8661267270128633,0.8851022395326192,0.08151319622993469,0.04080262389849821,0.956509752233496,0.9540869731124046,2071,191,281,1818,0.882221271788933,0.9005954048709541,0.8828250401284109,0.9009401513414355
source,tfidf_lr,0.625764192139738,0.6163350972851798,0.5355718085106383,0.5784560143626571,0.5561885033661316,0.23232441055508654,0.09291409822871267,0.6574543201140925,0.562900642632628,2688,1397,1174,1611,0.6045353663660954,0.6276829362707699,0.6142649199417758,0.637117903930131
source,subreddit_probe,0.4053857350800582,0.28845157949249095,0.4053857350800582,1.0,0.5769031589849819,0.30308324650101914,0.2490684757799752,0.5,0.4053857350800582,0,4085,0,2785,0.282429711605985,0.2943007335094887,0.39359170305676855,0.4170342066957787
source,llm_zeroshot,0.4228529839883552,0.385911231821776,0.39774696707105717,0.8240574506283662,0.5365283459964932,0.44902122020721436,0.4193103485817992,0.444714845441021,0.3595007113091243,610,3475,490,2295,0.3745722951891132,0.3969942372112296,0.4106259097525473,0.43450145560407566
source,majority,0.4053857350800582,0.28845157949249095,0.4053857350800582,1.0,0.5769031589849819,0.5946142673492432,0.5946142649199417,0.5,0.4053857350800582,0,4085,0,2785,0.282429711605985,0.2943007335094887,0.39359170305676855,0.4170342066957787
source,text,0.6296943231441048,0.6170152341216275,0.5425044091710758,0.5522441651705565,0.5473309608540925,0.24396492540836334,0.12470677409543394,0.668464166972481,0.5191266199855873,2788,1297,1247,1538,0.6052035967325764,0.6282363783179539,0.6183369723435226,0.6410480349344978
source,image,0.6611353711790393,0.6244948297766996,0.6178442496132027,0.4301615798922801,0.5071972904318375,0.23835626244544983,0.153294856666304,0.7000479048232245,0.6112923774402991,3344,741,1587,1198,0.6119129267517543,0.6360413150267219,0.6491994177583698,0.6724890829694323
source,meta,0.59490538573508,0.5899264091248061,0.5003004807692307,0.5978456014362658,0.5447407165058072,0.25197872519493103,0.10961425960974922,0.6139897905592339,0.48779654919236165,2422,1663,1120,1665,0.578173742668655,0.6020970401432825,0.5832569141193595,0.6066994177583697
source,cons,0.610334788937409,0.5620560862366353,0.5299334811529933,0.3432675044883303,0.41664850730006536,0.25607457756996155,0.08539947192828555,0.5757130017645675,0.48960412490356797,3237,848,1829,956,0.5502487139954493,0.5735532613127184,0.599122998544396,0.6218340611353712
source,concat,0.65254730713246,0.6389968603206242,0.5722585330428468,0.5658886894075404,0.5690557862430041,0.24510933458805084,0.15782269312521605,0.6966407731574773,0.5836168220740618,2907,1178,1209,1576,0.6272146129666766,0.6502920011231345,0.6409024745269287,0.6636135371179038
source,concat_meta,0.6858806404657933,0.6491075513877584,0.6684578183772165,0.4466786355475763,0.5355144210073182,0.25215327739715576,0.21684969106643004,0.7393129833058283,0.6568758985962875,3468,617,1541,1244,0.6370743586503256,0.6607451490247079,0.6748180494905386,0.6970887918486172
source,late,0.6692867540029112,0.6467291054763706,0.6091954022988506,0.5138240574506283,0.5574600701207635,0.2308626025915146,0.1339352463687915,0.7037753835132694,0.6163331412085808,3167,918,1354,1431,0.6351102435737089,0.6583350930026489,0.6580786026200873,0.6805021834061135
source,cgf,0.6678311499272198,0.6247403734600854,0.64314171883893,0.40574506283662476,0.49757815940114486,0.26448264718055725,0.22300287331122326,0.7147891858157774,0.620955002834112,3458,627,1655,1130,0.6123501841431156,0.6360800423325197,0.6560371179039302,0.6788937409024746
source,cgf_no_gate,0.6927219796215429,0.6652218277592681,0.6592627599243857,0.5008976660682226,0.5692715772291369,0.23415300250053406,0.17922929860949735,0.7536928246046204,0.6444679842091249,3364,721,1390,1395,0.6534596436400282,0.6766051925275539,0.6813682678311499,0.7036426491994177
source,cgf_no_cons,0.6944687045123726,0.6790237763108817,0.6330488750969744,0.5859964093357272,0.6086145813910125,0.24388712644577026,0.20039056782519887,0.7449373611474305,0.6639338524763176,3139,946,1153,1632,0.6681387772884853,0.6902929865100695,0.6838391557496362,0.7055349344978166
source,cgf_no_inter,0.6784570596797671,0.6405496042957741,0.6553398058252428,0.4362657091561939,0.523819788747575,0.25760751962661743,0.21279493351527962,0.71384313148116,0.6294369630614558,3446,639,1570,1215,0.6287695612645108,0.6518070702031656,0.6672489082969433,0.6895196506550219
source,cgf_no_meta,0.6435225618631732,0.6055717145118503,0.5859774820880246,0.4111310592459605,0.48322430892593377,0.27644479274749756,0.22769137159412867,0.6846247931632345,0.561619785958448,3276,809,1640,1145,0.593048797233713,0.6168864914875415,0.6315866084425037,0.654443231441048
source,concat_adv,0.649490538573508,0.6363486404774332,0.567830154731918,0.5666068222621184,0.5672178289000719,0.25100481510162354,0.16879257656460334,0.6876874495955558,0.5918278286599588,2884,1201,1207,1578,0.624575038890061,0.6477562568442039,0.6379912663755458,0.6609898107714701
source,cgf_adv,0.6874818049490539,0.6528102722978734,0.6666666666666666,0.45816876122082584,0.5430942753777399,0.2314658910036087,0.16214463963014722,0.7344544233951334,0.6370463823833366,3447,638,1509,1276,0.6411366208784871,0.6639384499587456,0.6764155749636099,0.6985443959243086
source,llm_emb,0.5703056768558952,0.5631707876893852,0.47396320548799503,0.5457809694793537,0.507343124165554,0.2531684935092926,0.09805135021563699,0.6030307052337118,0.48166824080036813,2398,1687,1265,1520,0.5511300121004011,0.5746501971297661,0.5585152838427948,0.5818049490538574
source,cgf_llm,0.6804949053857351,0.641606939639385,0.6619099890230515,0.43303411131059244,0.5235511178641198,0.2368849366903305,0.178603277539528,0.739392663530146,0.6284345821449911,3469,616,1579,1206,0.6294486070758335,0.653767220089465,0.6689919941775837,0.6912663755458516
source,cgf_llm_adv,0.6889374090247453,0.6723218629465149,0.6276595744680851,0.5719928186714542,0.5985346609055044,0.2220078706741333,0.13800411440236862,0.7440237854039717,0.6304716693550643,3140,945,1192,1593,0.6607880294171717,0.6835394353835363,0.6781622998544397,0.7002911208151383
temporal,tfidf_lr,0.6169724770642202,0.615994768263612,0.5808383233532934,0.7012048192771084,0.6353711790393013,0.24333567006652299,0.11041093353964297,0.6587667079697346,0.5941321275344347,1235,1050,620,1455,0.602084172882428,0.6298430565957612,0.6029816513761468,0.6307339449541285
temporal,subreddit_probe,0.9763761467889909,0.9762537667956825,1.0,0.9503614457831325,0.9745490486780332,0.06687463830270912,0.11585428983956206,0.9881823310748464,0.9829254672817098,2285,0,103,1972,0.9715478885032534,0.9806552747170851,0.971788990825688,0.9807339449541285
temporal,llm_zeroshot,0.5229357798165137,0.47134743679754815,0.49931450507266245,0.8775903614457832,0.6364907375043691,0.35825181007385254,0.3174830628952029,0.5789109699190635,0.531866002240225,459,1826,254,1821,0.4567664250900779,0.4861073040671234,0.5080275229357798,0.5376146788990825
temporal,majority,0.5240825688073395,0.3438675696012039,0.0,0.0,0.0,0.47591742873191833,0.47591743119266056,0.5,0.47591743119266056,2285,0,2075,0,0.3374841870005251,0.3502235469448584,0.5093979357798165,0.5389908256880734
temporal,text,0.6486238532110091,0.639326983304175,0.5909547738693467,0.8501204819277108,0.6972332015810276,0.2623889148235321,0.17889102611331903,0.6717502834093486,0.57971168105219,1064,1221,311,1764,0.6254137345704192,0.6528939627596594,0.634862385321101,0.6619266055045872
temporal,image,0.6474770642201835,0.640969254216615,0.5936629526462396,0.8216867469879519,0.6893066504952496,0.2762041985988617,0.21286511646600767,0.7155214468376789,0.6971689555305318,1118,1167,370,1705,0.6263441391851858,0.6551648719404166,0.6330275229357798,0.6614678899082569
temporal,meta,0.6951834862385321,0.6944542597060751,0.6493194555644516,0.7816867469879518,0.7093811502296086,0.19744260609149933,0.056416863121023945,0.7724073712794285,0.7369562013885139,1409,876,453,1622,0.6811335658875814,0.7081268056599335,0.6818807339449541,0.7087155963302753
temporal,cons,0.6967889908256881,0.6862796495427261,0.7531943510423672,0.5397590361445783,0.6288601909039865,0.210788294672966,0.035226973330755876,0.7391507737734309,0.7503113020661867,1918,367,955,1120,0.6723539308892821,0.6995136518113483,0.6834805045871559,0.7096330275229358
temporal,concat,0.686697247706422,0.6782611833594041,0.6185222333667669,0.891566265060241,0.7303592577970786,0.26905518770217896,0.23677577305106667,0.7631907410824919,0.7260934555001681,1144,1141,225,1850,0.6639714105079612,0.6916563935352282,0.6731651376146789,0.7
temporal,concat_meta,0.725,0.7204039830949356,0.6540084388185654,0.8963855421686747,0.7562512705834519,0.231906458735466,0.21068429804125102,0.8422771875247159,0.8293266958441741,1301,984,215,1860,0.7071257811713508,0.7326583408217331,0.7119266055045872,0.7371559633027523
temporal,late,0.6669724770642201,0.6617060133173279,0.6101095793566631,0.8318072289156626,0.7039151712887439,0.2667524814605713,0.21586894601489498,0.726377580343255,0.6902464181546918,1182,1103,349,1726,0.647767812463434,0.6747926134943624,0.6534403669724771,0.6802809633027522
temporal,cgf,0.7456422018348624,0.742841605471591,0.6762773722627737,0.8930120481927711,0.7696780893042575,0.21736520528793335,0.19737836095769334,0.8504761804328913,0.8341232857358113,1398,887,222,1853,0.7299480191929884,0.7543657576012892,0.7327981651376146,0.7573394495412844
temporal,cgf_no_gate,0.7399082568807339,0.7377886730205279,0.6757564437803512,0.8718072289156626,0.7613636363636364,0.22052861750125885,0.19457530294066516,0.842340987582716,0.8289731503508581,1417,868,266,1809,0.7249124242815043,0.7505384588350963,0.7270584862385321,0.7525286697247706
temporal,cgf_no_cons,0.7064220183486238,0.7015333425035388,0.6398170946183609,0.8766265060240964,0.7397315982106547,0.252667635679245,0.22606158311256647,0.7978901689910628,0.7797420092203904,1261,1024,256,1819,0.687450964970925,0.7140660909525826,0.6926605504587156,0.7190366972477065
temporal,cgf_no_inter,0.7483944954128441,0.7450821157909374,0.6757728253055356,0.9060240963855422,0.7741404158945852,0.20939520001411438,0.18562335660937457,0.861662281511165,0.85144641519811,1383,902,195,1880,0.7321539161422971,0.7572461003733597,0.7353211009174312,0.7607798165137615
temporal,cgf_no_meta,0.7025229357798165,0.6956541979997928,0.632312925170068,0.8959036144578313,0.7413758723828514,0.252597451210022,0.22929766882732167,0.7910405736732489,0.762315176035744,1204,1081,216,1859,0.6819740937540281,0.7083532040358025,0.6889850917431192,0.7151376146788991
temporal,concat_adv,0.6844036697247706,0.6765829020465646,0.6179547755653054,0.8824096385542168,0.7268757443429933,0.2602975368499756,0.21084985159499864,0.7423265402968549,0.6657169458845644,1153,1132,244,1831,0.6624236447765346,0.6899876868631609,0.6706422018348623,0.6977064220183486
temporal,cgf_adv,0.7325688073394495,0.7296111663308098,0.665815395840934,0.8795180722891566,0.757890365448505,0.22483305633068085,0.19943344436111693,0.8257197542906857,0.7914112914754223,1369,916,250,1825,0.716733833954679,0.7421259678069542,0.7199483944954128,0.7451834862385321
temporal,llm_emb,0.6594036697247706,0.649827777636258,0.5981370592149036,0.8665060240963856,0.7077346978941154,0.25403937697410583,0.1645399576035935,0.6750520682291529,0.5784795713399448,1077,1208,277,1798,0.6350604115829627,0.663406646769824,0.6447190366972476,0.6727064220183486
temporal,cgf_llm,0.7261467889908257,0.7213848763961959,0.6542907180385289,0.9002409638554217,0.7578093306288033,0.23147736489772797,0.21210197977072326,0.8394743086130079,0.8284366193782968,1298,987,207,1868,0.7079892557676903,0.7339222923062725,0.7130733944954128,0.7387672018348623
temporal,cgf_llm_adv,0.7254587155963302,0.7205301665240558,0.653282122905028,0.9016867469879518,0.7576432476209759,0.2312203198671341,0.20567455706272036,0.8119021380928528,0.7730728418159453,1292,993,204,1871,0.7071309063166071,0.7336189593343743,0.7123853211009175,0.738302752293578
