held_out,n_test,label,model,accuracy,macro_f1,mean_p_fake
confusing_perspective,1187,fake,text,0.8256107834877844,0.4522381172127365,0.6837815642356873
confusing_perspective,1187,fake,concat_meta,0.7877000842459984,0.44062205466541,0.686712384223938
confusing_perspective,1187,fake,cgf,0.611625947767481,0.3795086251960272,0.5855669379234314
confusing_perspective,1187,fake,cgf_adv,0.6840775063184499,0.4062031015507754,0.6671638488769531
fakehistoryporn,1438,fake,text,0.2670375521557719,0.21075740944017562,0.3394845128059387
fakehistoryporn,1438,fake,concat_meta,0.5556328233657858,0.3571747876620474,0.5502455234527588
fakehistoryporn,1438,fake,cgf,0.5945757997218358,0.3728739642389882,0.5908628702163696
fakehistoryporn,1438,fake,cgf_adv,0.6439499304589708,0.3917089678510998,0.6369766592979431
mildlyinteresting,1380,true,text,0.08333333333333333,0.07692307692307693,0.800764262676239
mildlyinteresting,1380,true,concat_meta,0.10869565217391304,0.09803921568627451,0.8728999495506287
mildlyinteresting,1380,true,cgf,0.1927536231884058,0.16160388821385177,0.763856053352356
mildlyinteresting,1380,true,cgf_adv,0.1463768115942029,0.1276864728192162,0.8146708011627197
misleadingthumbnails,1524,fake,text,0.22244094488188976,0.1819645732689211,0.3476577699184418
misleadingthumbnails,1524,fake,concat_meta,0.3720472440944882,0.27116212338593976,0.41497987508773804
misleadingthumbnails,1524,fake,cgf,0.4566929133858268,0.31351351351351353,0.45587480068206787
misleadingthumbnails,1524,fake,cgf_adv,0.46916010498687666,0.3193389906208129,0.4635993242263794
neutralnews,1579,true,text,0.8074730842305257,0.44674141555711283,0.28242722153663635
neutralnews,1579,true,concat_meta,0.9392020265991133,0.484323971260614,0.11660818010568619
neutralnews,1579,true,cgf,0.948068397720076,0.4866710013003901,0.08353815227746964
neutralnews,1579,true,cgf_adv,0.9658011399620012,0.49130154639175255,0.05114853382110596
nottheonion,1596,true,text,0.6735588972431078,0.40247098464994385,0.3673771023750305
nottheonion,1596,true,concat_meta,0.7763157894736842,0.43703703703703706,0.28140929341316223
nottheonion,1596,true,cgf,0.681704260651629,0.40536512667660207,0.33408159017562866
nottheonion,1596,true,cgf_adv,0.7174185463659147,0.4177307551988325,0.3007141351699829
pareidolia,1521,fake,text,0.6568047337278107,0.3964285714285714,0.5950449109077454
pareidolia,1521,fake,concat_meta,0.4799474030243261,0.3243003109729009,0.4910695254802704
pareidolia,1521,fake,cgf,0.4878369493754109,0.32788334069818825,0.4863578677177429
pareidolia,1521,fake,cgf_adv,0.2176199868507561,0.1787257019438445,0.45298197865486145
photoshopbattles,1535,true,text,0.056026058631921824,0.05305367057371992,0.8878005146980286
photoshopbattles,1535,true,concat_meta,0.17850162866449512,0.15146489773355445,0.7372626066207886
photoshopbattles,1535,true,cgf,0.34071661237785017,0.2541302235179786,0.658393919467926
photoshopbattles,1535,true,cgf_adv,0.33420195439739414,0.25048828125,0.6375789046287537
pic,1128,true,text,0.06205673758865248,0.05843071786310518,0.7867311239242554
pic,1128,true,concat_meta,0.17641843971631205,0.14996232102486812,0.766968846321106
pic,1128,true,cgf,0.3058510638297872,0.23421588594704684,0.6968929767608643
pic,1128,true,cgf_adv,0.24468085106382978,0.19658119658119658,0.7465304136276245
propagandaposters,1561,fake,text,0.7706598334401025,0.4352387843704776,0.6350732445716858
propagandaposters,1561,fake,concat_meta,0.9122357463164638,0.47705192629815746,0.8081048727035522
propagandaposters,1561,fake,cgf,0.6444586803331198,0.39189715621347876,0.6210927367210388
propagandaposters,1561,fake,cgf_adv,0.7924407431133889,0.4421015010721944,0.7753931283950806
savedyouaclick,1598,fake,text,0.4148936170212766,0.2932330827067669,0.427394300699234
savedyouaclick,1598,fake,concat_meta,0.4311639549436796,0.30126803672933977,0.43422746658325195
savedyouaclick,1598,fake,cgf,0.45619524405506884,0.31327889987107865,0.45443370938301086
savedyouaclick,1598,fake,cgf_adv,0.4599499374217772,0.3150450064294899,0.45827633142471313
subredditsimulator,1555,fake,text,0.5498392282958199,0.35477178423236516,0.5169088840484619
subredditsimulator,1555,fake,concat_meta,0.2932475884244373,0.22675285927399305,0.3358069658279419
subredditsimulator,1555,fake,cgf,0.645016077170418,0.392103205629398,0.6171525120735168
subredditsimulator,1555,fake,cgf_adv,0.5819935691318328,0.3678861788617886,0.5731351375579834
upliftingnews,1598,true,text,0.8016270337922403,0.44494616186175756,0.2650710940361023
upliftingnews,1598,true,concat_meta,0.8391739674593242,0.45627764545763866,0.2523330748081207
upliftingnews,1598,true,cgf,0.8704630788485607,0.46537303445968553,0.16187161207199097
upliftingnews,1598,true,cgf_adv,0.8635794743429287,0.4633982538616521,0.17505329847335815
usanews,1228,true,text,0.8916938110749185,0.4713732242789496,0.19022420048713684
usanews,1228,true,concat_meta,0.9714983713355049,0.49277158199091287,0.09142114967107773
usanews,1228,true,cgf,0.9788273615635179,0.49465020576131685,0.06122976914048195
usanews,1228,true,cgf_adv,0.9755700325732899,0.49381698268755153,0.07286049425601959
usnews,1261,true,text,0.7517842981760507,0.4291534631054776,0.3209168612957001
usnews,1261,true,concat_meta,0.9040444091990484,0.47480216576426487,0.16177259385585785
usnews,1261,true,cgf,0.9476605868358445,0.48656351791530944,0.062273766845464706
usnews,1261,true,cgf_adv,0.9230769230769231,0.48,0.11695735901594162
