model,prevalence,precision_at_50,precision_at_100,precision_at_500,precision_at_1000,lift_at_100
concat_meta,0.4053857350800582,0.88,0.86,0.804,0.744,2.121436265709156
image,0.4053857350800582,0.84,0.85,0.77,0.696,2.0967684021543986
cgf,0.4053857350800582,0.82,0.82,0.754,0.718,2.0227648114901258
cgf_adv,0.4053857350800582,0.78,0.78,0.742,0.729,1.9240933572710952
cgf_llm_adv,0.4053857350800582,0.74,0.75,0.704,0.724,1.8500897666068223
tfidf_lr,0.4053857350800582,0.7,0.72,0.674,0.655,1.7760861759425495
subreddit_probe,0.4053857350800582,0.44,0.4,0.392,0.4,0.9867145421903053
text,0.4053857350800582,0.44,0.4,0.508,0.548,0.9867145421903053
llm_zeroshot,0.4053857350800582,0.26,0.25,0.27,0.295,0.6166965888689407
