protocol,model,seed,condition,accuracy,macro_f1,precision_fake,recall_fake,f1_fake,brier,ece,auroc,auprc,tn,fp,fn,tp
source,cgf,13,clean,0.6813682678311499,0.6464508956599408,0.6547248182762202,0.4527827648114901,0.5353428146890257,0.25612056255340576,0.21227320023884202,0.7243773142094936,0.6334648932569424,3420,665,1524,1261
source,cgf,13,zero_image,0.5972343522561863,0.5804778850952438,0.5033185840707964,0.49012567324955114,0.49663452792432233,0.31674015522003174,0.26715674581659576,0.6060007603242585,0.5168994118112831,2738,1347,1420,1365
source,cgf,13,zero_text,0.6855895196506551,0.6555760828422244,0.6519202722411278,0.481508078994614,0.5539033457249071,0.25052574276924133,0.2029003913461446,0.7197113404780373,0.6405926422434502,3369,716,1444,1341
source,cgf,13,zero_meta,0.6650655021834061,0.6193419054189298,0.642018779342723,0.392818671454219,0.48741367787926043,0.28024154901504517,0.2523071585122762,0.7313511137871401,0.6085050102870064,3475,610,1691,1094
source,cgf,13,zero_cons,0.6813682678311499,0.6554865339245686,0.6353315168029064,0.5023339317773788,0.5610587527571687,0.25224876403808594,0.1972912627295354,0.7062575565463698,0.6302338461772707,3282,803,1386,1399
source,cgf,42,clean,0.6496360989810771,0.6168726548029592,0.5910404624277457,0.44057450628366246,0.5048343962147707,0.30814144015312195,0.28709516839132393,0.6690936099800249,0.580343219484359,3236,849,1558,1227
source,cgf,42,zero_image,0.5605531295487627,0.5566451033675621,0.46598837209302324,0.5755834829443447,0.5150200803212851,0.37729448080062866,0.35344435361863336,0.5855437746803233,0.4824551020486903,2248,1837,1182,1603
source,cgf,42,zero_text,0.6459970887918486,0.6197168634288848,0.5774462483545415,0.4725314183123878,0.5197472353870458,0.3150416910648346,0.295986153747008,0.6582808760869231,0.5833881940501919,3122,963,1469,1316
source,cgf,42,zero_meta,0.6441048034934498,0.593544940541143,0.6022864019253911,0.35942549371633753,0.4501911400944457,0.31867265701293945,0.30582550763236593,0.681333775757083,0.5713771294438239,3424,661,1784,1001
source,cgf,42,zero_cons,0.6414847161572053,0.6138769980081615,0.5716192170818505,0.4614003590664273,0.5106298430359626,0.31155866384506226,0.2882321313277071,0.6468583006093581,0.5674068024820437,3122,963,1500,1285
source,concat,13,clean,0.6502183406113538,0.6418031287084554,0.5629947229551451,0.6129263913824058,0.5869004641567819,0.2420673370361328,0.15310236840756958,0.7016807561051182,0.5971956377043321,2760,1325,1078,1707
source,concat,13,zero_image,0.4944687045123726,0.48718052877759743,0.4298531810766721,0.7569120287253142,0.5483157757835869,0.33848175406455994,0.28253974936132525,0.5615268014301128,0.44862863667249586,1289,2796,677,2108
source,concat,13,zero_text,0.6698689956331878,0.6186376459936339,0.6649649010848756,0.3741472172351885,0.4788602941176471,0.31063830852508545,0.3016066253726172,0.7136414477804465,0.6261497790741994,3560,525,1743,1042
source,concat,13,zero_meta,0.6502183406113538,0.6418031287084554,0.5629947229551451,0.6129263913824058,0.5869004641567819,0.2420673370361328,0.15310236840756958,0.7016807561051182,0.5971956377043321,2760,1325,1078,1707
source,concat,13,zero_cons,0.6502183406113538,0.6418031287084554,0.5629947229551451,0.6129263913824058,0.5869004641567819,0.2420673370361328,0.15310236840756958,0.7016807561051182,0.5971956377043321,2760,1325,1078,1707
source,concat,42,clean,0.6574963609898108,0.6360685758756734,0.5893300248138957,0.5116696588868941,0.547760907168941,0.2596935033798218,0.1995890944998229,0.7007036735088524,0.583790909970556,3092,993,1360,1425
source,concat,42,zero_image,0.5096069868995633,0.5096024047058276,0.42888455918168533,0.6323159784560144,0.5111014366565085,0.34976115822792053,0.2816542932503413,0.530000637265997,0.41021206268548527,1740,2345,1024,1761
source,concat,42,zero_text,0.6513828238719068,0.6272217216320152,0.5834760273972602,0.4894075403949731,0.5323179066588557,0.3273484408855438,0.32005294400804135,0.6519987957870125,0.5798607087615784,3112,973,1422,1363
source,concat,42,zero_meta,0.6574963609898108,0.6360685758756734,0.5893300248138957,0.5116696588868941,0.547760907168941,0.2596935033798218,0.1995890944998229,0.7007036735088524,0.583790909970556,3092,993,1360,1425
source,concat,42,zero_cons,0.6574963609898108,0.6360685758756734,0.5893300248138957,0.5116696588868941,0.547760907168941,0.2596935033798218,0.1995890944998229,0.7007036735088524,0.583790909970556,3092,993,1360,1425
source,text,13,clean,0.6167394468704512,0.6089598803785876,0.524390243902439,0.5867145421903052,0.5538044399254364,0.25374311208724976,0.1359481239645285,0.6523736400414003,0.5023052114055466,2603,1482,1151,1634
source,text,13,zero_image,0.6167394468704512,0.6089598803785876,0.524390243902439,0.5867145421903052,0.5538044399254364,0.25374311208724976,0.1359481239645285,0.6523736400414003,0.5023052114055466,2603,1482,1151,1634
source,text,13,zero_text,0.4053857350800582,0.28845157949249095,0.4053857350800582,1.0,0.5769031589849819,0.25369611382484436,0.11246335263509072,0.5,0.4053857350800582,0,4085,0,2785
source,text,13,zero_meta,0.6167394468704512,0.6089598803785876,0.524390243902439,0.5867145421903052,0.5538044399254364,0.25374311208724976,0.1359481239645285,0.6523736400414003,0.5023052114055466,2603,1482,1151,1634
source,text,13,zero_cons,0.6167394468704512,0.6089598803785876,0.524390243902439,0.5867145421903052,0.5538044399254364,0.25374311208724976,0.1359481239645285,0.6523736400414003,0.5023052114055466,2603,1482,1151,1634
source,text,42,clean,0.6417758369723435,0.6279791934137341,0.558653149891383,0.5540394973070017,0.5563367586082567,0.24811702966690063,0.1439610837914017,0.6803141062124645,0.5252363264789467,2866,1219,1242,1543
source,text,42,zero_image,0.6417758369723435,0.6279791934137341,0.558653149891383,0.5540394973070017,0.5563367586082567,0.24811702966690063,0.1439610837914017,0.6803141062124645,0.5252363264789467,2866,1219,1242,1543
source,text,42,zero_text,0.4053857350800582,0.28845157949249095,0.4053857350800582,1.0,0.5769031589849819,0.2771420180797577,0.18998402114171303,0.5,0.4053857350800582,0,4085,0,2785
source,text,42,zero_meta,0.6417758369723435,0.6279791934137341,0.558653149891383,0.5540394973070017,0.5563367586082567,0.24811702966690063,0.1439610837914017,0.6803141062124645,0.5252363264789467,2866,1219,1242,1543
source,text,42,zero_cons,0.6417758369723435,0.6279791934137341,0.558653149891383,0.5540394973070017,0.5563367586082567,0.24811702966690063,0.1439610837914017,0.6803141062124645,0.5252363264789467,2866,1219,1242,1543
source,image,13,clean,0.6478893740902475,0.6195502535125177,0.5828054298642534,0.46247755834829446,0.5157157157157157,0.28781765699386597,0.2505411650698085,0.6524417615790132,0.5832857529843534,3163,922,1497,1288
source,image,13,zero_image,0.4053857350800582,0.28845157949249095,0.4053857350800582,1.0,0.5769031589849819,0.26517438888549805,0.15532618518132485,0.5,0.4053857350800582,0,4085,0,2785
source,image,13,zero_text,0.6478893740902475,0.6195502535125177,0.5828054298642534,0.46247755834829446,0.5157157157157157,0.28781765699386597,0.2505411650698085,0.6524417615790132,0.5832857529843534,3163,922,1497,1288
source,image,13,zero_meta,0.6478893740902475,0.6195502535125177,0.5828054298642534,0.46247755834829446,0.5157157157157157,0.28781765699386597,0.2505411650698085,0.6524417615790132,0.5832857529843534,3163,922,1497,1288
source,image,13,zero_cons,0.6478893740902475,0.6195502535125177,0.5828054298642534,0.46247755834829446,0.5157157157157157,0.28781765699386597,0.2505411650698085,0.6524417615790132,0.5832857529843534,3163,922,1497,1288
source,image,42,clean,0.6593886462882096,0.616308257141395,0.6247896803140774,0.4,0.48774080560420313,0.2329064905643463,0.1409793841477695,0.7066673405571463,0.6094377644747015,3416,669,1671,1114
source,image,42,zero_image,0.4053857350800582,0.28845157949249095,0.4053857350800582,1.0,0.5769031589849819,0.25474509596824646,0.11703407521504677,0.5,0.4053857350800582,0,4085,0,2785
source,image,42,zero_text,0.6593886462882096,0.616308257141395,0.6247896803140774,0.4,0.48774080560420313,0.2329064905643463,0.1409793841477695,0.7066673405571463,0.6094377644747015,3416,669,1671,1114
source,image,42,zero_meta,0.6593886462882096,0.616308257141395,0.6247896803140774,0.4,0.48774080560420313,0.2329064905643463,0.1409793841477695,0.7066673405571463,0.6094377644747015,3416,669,1671,1114
source,image,42,zero_cons,0.6593886462882096,0.616308257141395,0.6247896803140774,0.4,0.48774080560420313,0.2329064905643463,0.1409793841477695,0.7066673405571463,0.6094377644747015,3416,669,1671,1114
source,cgf_llm,13,clean,0.6756914119359534,0.659320119912224,0.6079875920899573,0.563016157989228,0.5846383296047726,0.24257773160934448,0.17621534277577894,0.7221956230813349,0.6204480099955809,3074,1011,1217,1568
source,cgf_llm,13,zero_image,0.5851528384279476,0.5827065957741379,0.49086822141050857,0.6272890484739677,0.5507566204287516,0.30167561769485474,0.23917665863856996,0.6251179051967943,0.5206660018942192,2273,1812,1038,1747
source,cgf_llm,13,zero_text,0.6828238719068414,0.6626246173216332,0.6260399334442596,0.5403949730700179,0.5800732318365773,0.2365928739309311,0.16284622347505634,0.7228544242741212,0.6279623762149997,3186,899,1280,1505
source,cgf_llm,13,zero_meta,0.6583697234352256,0.6375374399020994,0.5898277276456112,0.5163375224416517,0.5506413938349608,0.2615160346031189,0.20817138084157588,0.7072320900786473,0.5894899092009174,3085,1000,1347,1438
source,cgf_llm,13,zero_cons,0.6612809315866084,0.6523852315523728,0.5766912257200268,0.6183123877917415,0.596776988390227,0.2485026717185974,0.17323240470222512,0.7046569641087396,0.6191488130449503,2821,1264,1063,1722
source,cgf_llm,42,clean,0.6860262008733624,0.6415898295089563,0.6884753901560624,0.4118491921005386,0.5153898000449337,0.22612833976745605,0.16460458324812732,0.7639588721710333,0.6444326976423017,3566,519,1638,1147
source,cgf_llm,42,zero_image,0.6243085880640465,0.6191047572922127,0.5310786106032906,0.6258527827648115,0.5745838140761497,0.24944905936717987,0.1346637206946485,0.6678937479810754,0.549484761272644,2546,1539,1042,1743
source,cgf_llm,42,zero_text,0.6573508005822416,0.5895606974289088,0.6666666666666666,0.3095152603231598,0.42275625306522807,0.24156364798545837,0.18207416072639662,0.731528757177483,0.6124758239935799,3654,431,1923,862
source,cgf_llm,42,zero_meta,0.6764192139737991,0.6244791625044952,0.6836601307189543,0.3755834829443447,0.48482039397450755,0.2403922826051712,0.19171075699240878,0.7558539913727369,0.6282641756668816,3601,484,1739,1046
source,cgf_llm,42,zero_cons,0.6949053857350801,0.6591169926753162,0.6853146853146853,0.4574506283662478,0.5486649440137812,0.21773427724838257,0.1331805180324434,0.7506623391178041,0.6525053259413403,3500,585,1511,1274
source,cgf,13,text_lowercase,0.6784570596797671,0.6442964121326941,0.647239263803681,0.4545780969479354,0.5340645433452859,0.2579237222671509,0.2143785108612875,0.7217565248346954,0.6295608310731223,3395,690,1519,1266
source,cgf,42,text_lowercase,0.6486171761280931,0.6160082443413233,0.5890542486797887,0.44057450628366246,0.5041084634346754,0.30897092819213867,0.28943387796394693,0.6680531963284688,0.5790970479164297,3229,856,1558,1227
source,cgf,13,text_no_punct,0.6784570596797671,0.6442964121326941,0.647239263803681,0.4545780969479354,0.5340645433452859,0.2579237222671509,0.2143785108612875,0.7217565248346954,0.6295608310731223,3395,690,1519,1266
source,cgf,42,text_no_punct,0.6486171761280931,0.6160082443413233,0.5890542486797887,0.44057450628366246,0.5041084634346754,0.30897092819213867,0.28943387796394693,0.6680531963284688,0.5790970479164297,3229,856,1558,1227
source,cgf,13,text_typos,0.644395924308588,0.6404355724297026,0.5508323424494649,0.6653500897666068,0.6026996259554399,0.2843172252178192,0.24004265752660311,0.6944175938154433,0.6067840686040713,2574,1511,932,1853
source,cgf,42,text_typos,0.6074235807860262,0.6044364692932018,0.5126146788990825,0.6420107719928186,0.5700621712099474,0.3400697708129883,0.32188695460297656,0.657845733284403,0.5744624581215843,2385,1700,997,1788
source,cgf,13,text_word_dropout,0.6765647743813683,0.6550960453243699,0.6187262758329819,0.5267504488330341,0.5690457719162141,0.2590557634830475,0.2120075692338638,0.7146618644645097,0.6221595154484922,3181,904,1318,1467
source,cgf,42,text_word_dropout,0.6491994177583698,0.6276698759704664,0.5770653514180024,0.5041292639138241,0.5381372173246455,0.3078285753726959,0.2858764592406314,0.6672581081110776,0.580239161431853,3056,1029,1381,1404
random,cgf,13,clean,0.9009401513414355,0.9004785602958926,0.9241730279898219,0.8651738923296808,0.8937007874015748,0.0817849263548851,0.06297437734116015,0.9620797491458398,0.9617846358855753,2113,149,283,1816
random,cgf,13,zero_image,0.8151800045861041,0.8137434006767407,0.8440659925492283,0.755597903763697,0.7973856209150327,0.1494131237268448,0.12466524543054443,0.9015806440606426,0.8969606016552762,1969,293,513,1586
random,cgf,13,zero_text,0.8640220132997019,0.8625847629082853,0.914647577092511,0.7913292043830396,0.8485312899106002,0.11223918944597244,0.09393303241577308,0.9395758748324009,0.9399667749002238,2107,155,438,1661
random,cgf,13,zero_meta,0.8729649163036001,0.8722108467025662,0.9008822003113648,0.827060505002382,0.862394436164928,0.10577430576086044,0.08337410708002675,0.9440043235610912,0.9424506725759751,2071,191,363,1736
random,cgf,13,zero_cons,0.8592066039899106,0.8581122183815368,0.895156998403406,0.8013339685564554,0.8456510809451986,0.112228162586689,0.08799503114082155,0.9396090471274057,0.940541770471565,2065,197,417,1682
random,cgf,42,clean,0.8936023847741343,0.8932257730892543,0.908137793310035,0.8666031443544545,0.8868844466114091,0.08645866811275482,0.07604916496413772,0.9615205590300464,0.9595550845656237,2078,184,280,1819
random,cgf,42,zero_image,0.8316899793625315,0.8312164117403886,0.8360413589364845,0.8089566460219152,0.8222760290556901,0.13994622230529785,0.11803152097307523,0.9092717722935724,0.9004584940667177,1929,333,401,1698
random,cgf,42,zero_text,0.8665443705572117,0.8658970020466528,0.8871873404798366,0.8280133396855646,0.8565795958600295,0.11365223675966263,0.09882781545767623,0.938491193440184,0.9382612358891596,2041,221,361,1738
random,cgf,42,zero_meta,0.8660857601467553,0.8655274518251936,0.8823826350328117,0.8327775131014769,0.8568627450980392,0.11108385771512985,0.09627148569782572,0.9414810176544007,0.936549725185294,2029,233,351,1748
random,cgf,42,zero_cons,0.8688374226094933,0.8682905863767307,0.8854114083796063,0.8356360171510243,0.8598039215686275,0.11061600595712662,0.09174940914895433,0.9414433170778556,0.9405652576614202,2035,227,345,1754
random,concat,13,clean,0.8495757853703279,0.8491226293694492,0.856648541769649,0.8256312529776084,0.8408539543910722,0.11023019254207611,0.059885729185432175,0.9289921224750618,0.9279696358386675,1972,290,366,1733
random,concat,13,zero_image,0.6993808759458839,0.6915236697285326,0.6331981068289385,0.8923296808003811,0.7407553885702985,0.21710245311260223,0.1760532140340575,0.8167542415254789,0.7992671412376886,1177,1085,226,1873
random,concat,13,zero_text,0.7521210731483605,0.7403111512700553,0.8821321321321322,0.5597903763696999,0.684931506849315,0.2362995147705078,0.23185002648130035,0.8247309674220682,0.8264909762915691,2105,157,924,1175
random,concat,13,zero_meta,0.8495757853703279,0.8491226293694492,0.856648541769649,0.8256312529776084,0.8408539543910722,0.11023019254207611,0.059885729185432175,0.9289921224750618,0.9279696358386675,1972,290,366,1733
random,concat,13,zero_cons,0.8495757853703279,0.8491226293694492,0.856648541769649,0.8256312529776084,0.8408539543910722,0.11023019254207611,0.059885729185432175,0.9289921224750618,0.9279696358386675,1972,290,366,1733
random,concat,42,clean,0.8578307727585416,0.8575799880662626,0.8556998556998557,0.8475464506908051,0.8516036381043561,0.10572337359189987,0.04489469013824576,0.9325966345811592,0.9302482398361377,1962,300,320,1779
random,concat,42,zero_image,0.7301077734464573,0.7252137184758323,0.6620956399437412,0.8970938542162935,0.7618854946388832,0.18861934542655945,0.14083490224127596,0.8394905325216968,0.8205405093021708,1301,961,216,1883
random,concat,42,zero_text,0.7743636780554919,0.7679503302276747,0.8627195836044242,0.6317293949499762,0.7293729372937293,0.21367247402668,0.2080413771959714,0.8478902841612508,0.8393587466878938,2051,211,773,1326
random,concat,42,zero_meta,0.8578307727585416,0.8575799880662626,0.8556998556998557,0.8475464506908051,0.8516036381043561,0.10572337359189987,0.04489469013824576,0.9325966345811592,0.9302482398361377,1962,300,320,1779
random,concat,42,zero_cons,0.8578307727585416,0.8575799880662626,0.8556998556998557,0.8475464506908051,0.8516036381043561,0.10572337359189987,0.04489469013824576,0.9325966345811592,0.9302482398361377,1962,300,320,1779
random,text,13,clean,0.7908736528319192,0.7905127897201873,0.7851994233541566,0.7784659361600762,0.7818181818181819,0.1483483761548996,0.052907156663831695,0.8723399505216791,0.8624512751192854,1815,447,465,1634
random,text,13,zero_image,0.7908736528319192,0.7905127897201873,0.7851994233541566,0.7784659361600762,0.7818181818181819,0.1483483761548996,0.052907156663831695,0.8723399505216791,0.8624512751192854,1815,447,465,1634
random,text,13,zero_text,0.5186883742260949,0.341537067794051,0.0,0.0,0.0,0.24965117871761322,0.0006379718232171205,0.5,0.48131162577390507,2262,0,2099,0
random,text,13,zero_meta,0.7908736528319192,0.7905127897201873,0.7851994233541566,0.7784659361600762,0.7818181818181819,0.1483483761548996,0.052907156663831695,0.8723399505216791,0.8624512751192854,1815,447,465,1634
random,text,13,zero_cons,0.7908736528319192,0.7905127897201873,0.7851994233541566,0.7784659361600762,0.7818181818181819,0.1483483761548996,0.052907156663831695,0.8723399505216791,0.8624512751192854,1815,447,465,1634
random,text,42,clean,0.7805549185966522,0.7803715784995036,0.7673220973782772,0.7808480228680323,0.7740259740259741,0.1527748703956604,0.06938046600854988,0.8684115083221389,0.8588380776474422,1765,497,460,1639
random,text,42,zero_image,0.7805549185966522,0.7803715784995036,0.7673220973782772,0.7808480228680323,0.7740259740259741,0.1527748703956604,0.06938046600854988,0.8684115083221389,0.8588380776474422,1765,497,460,1639
random,text,42,zero_text,0.48131162577390507,0.32492260061919503,0.48131162577390507,1.0,0.6498452012383901,0.25769850611686707,0.08970951384782955,0.5,0.48131162577390507,0,2262,0,2099
random,text,42,zero_meta,0.7805549185966522,0.7803715784995036,0.7673220973782772,0.7808480228680323,0.7740259740259741,0.1527748703956604,0.06938046600854988,0.8684115083221389,0.8588380776474422,1765,497,460,1639
random,text,42,zero_cons,0.7805549185966522,0.7803715784995036,0.7673220973782772,0.7808480228680323,0.7740259740259741,0.1527748703956604,0.06938046600854988,0.8684115083221389,0.8588380776474422,1765,497,460,1639
random,image,13,clean,0.8083008484292593,0.8074075842763107,0.8213740458015267,0.7689375893282515,0.7942913385826772,0.13572798669338226,0.016569367374364607,0.8858342295118428,0.8894993522000693,1911,351,485,1614
random,image,13,zero_image,0.48131162577390507,0.32492260061919503,0.48131162577390507,1.0,0.6498452012383901,0.25144535303115845,0.04236298150301143,0.5,0.48131162577390507,0,2262,0,2099
random,image,13,zero_text,0.8083008484292593,0.8074075842763107,0.8213740458015267,0.7689375893282515,0.7942913385826772,0.13572798669338226,0.016569367374364607,0.8858342295118428,0.8894993522000693,1911,351,485,1614
random,image,13,zero_meta,0.8083008484292593,0.8074075842763107,0.8213740458015267,0.7689375893282515,0.7942913385826772,0.13572798669338226,0.016569367374364607,0.8858342295118428,0.8894993522000693,1911,351,485,1614
random,image,13,zero_cons,0.8083008484292593,0.8074075842763107,0.8213740458015267,0.7689375893282515,0.7942913385826772,0.13572798669338226,0.016569367374364607,0.8858342295118428,0.8894993522000693,1911,351,485,1614
random,image,42,clean,0.8050905755560651,0.8047689702507906,0.7995203836930456,0.7941877084325869,0.7968451242829828,0.13547150790691376,0.025591313749264745,0.8867891703724858,0.8907702878963926,1844,418,432,1667
random,image,42,zero_image,0.48131162577390507,0.32492260061919503,0.48131162577390507,1.0,0.6498452012383901,0.2534717917442322,0.061814659302236286,0.5,0.48131162577390507,0,2262,0,2099
random,image,42,zero_text,0.8050905755560651,0.8047689702507906,0.7995203836930456,0.7941877084325869,0.7968451242829828,0.13547150790691376,0.025591313749264745,0.8867891703724858,0.8907702878963926,1844,418,432,1667
random,image,42,zero_meta,0.8050905755560651,0.8047689702507906,0.7995203836930456,0.7941877084325869,0.7968451242829828,0.13547150790691376,0.025591313749264745,0.8867891703724858,0.8907702878963926,1844,418,432,1667
random,image,42,zero_cons,0.8050905755560651,0.8047689702507906,0.7995203836930456,0.7941877084325869,0.7968451242829828,0.13547150790691376,0.025591313749264745,0.8867891703724858,0.8907702878963926,1844,418,432,1667
random,cgf_llm,13,clean,0.9009401513414355,0.9006662490746541,0.9099852434825382,0.8813720819437828,0.8954501452081317,0.08319814503192902,0.06719100518044055,0.9609933828116543,0.9599732292089075,2079,183,249,1850
random,cgf_llm,13,zero_image,0.8213712451272643,0.8209639633757095,0.8213242453748782,0.8037160552644116,0.8124247531904647,0.14718471467494965,0.12572705282865368,0.9056429338378049,0.8975394193442706,1895,367,412,1687
random,cgf_llm,13,zero_text,0.8631047924787892,0.8627426667183322,0.8684985279685966,0.8432586946164841,0.8556925308194344,0.11058289557695389,0.0864768880400213,0.9336505657824514,0.9353194397620468,1994,268,329,1770
random,cgf_llm,13,zero_meta,0.8761751891767943,0.8757701916827738,0.8872329855936413,0.8508813720819438,0.8686770428015564,0.10544770956039429,0.08885744763732581,0.9452990961550045,0.9426778393338135,2035,227,313,1786
random,cgf_llm,13,zero_cons,0.8631047924787892,0.8627295824175222,0.8692232055063913,0.8423058599333015,0.855552867166707,0.11086377501487732,0.08932901672528606,0.940263857699911,0.9404155111683932,1996,266,331,1768
random,cgf_llm,42,clean,0.8965833524421004,0.8965567006589714,0.8759124087591241,0.9147212958551691,0.8948962945700303,0.07860106229782104,0.037389155062343894,0.9603248820856548,0.9584969029955732,1990,272,179,1920
random,cgf_llm,42,zero_image,0.8131162577390507,0.8131048976017192,0.7796167247386759,0.8527870414483087,0.8145620022753128,0.13901616632938385,0.08806388096649406,0.8993833744248556,0.8905244080215221,1756,506,309,1790
random,cgf_llm,42,zero_text,0.8642513185049301,0.8634260503401505,0.891835673426937,0.8170557408289661,0.8528095474888115,0.10292259603738785,0.06104393962004456,0.9368326839988222,0.9372953396402776,2054,208,384,1715
random,cgf_llm,42,zero_meta,0.8729649163036001,0.8729625049164054,0.8444048149799376,0.902334444973797,0.8724090280976509,0.09622089564800262,0.06001412253818315,0.9465983970304583,0.9438562319753544,1913,349,205,1894
random,cgf_llm,42,zero_cons,0.8541618894748911,0.8541615137274301,0.8223887174966946,0.8889947594092424,0.8543956043956044,0.10706392675638199,0.06311105214067039,0.9376471428228423,0.9374642852493636,1859,403,233,1866
random,cgf,13,text_lowercase,0.900252235725751,0.8997779570623301,0.9240570846075433,0.863744640304907,0.8928835262250677,0.08169737458229065,0.061493746328217386,0.9621725262629799,0.9618958176979459,2113,149,286,1813
random,cgf,42,text_lowercase,0.8926851639532217,0.8923111698692379,0.9067331670822942,0.8661267270128633,0.8859649122807017,0.08628011494874954,0.07626331963827734,0.9615869036200557,0.9596061615662868,2075,187,281,1818
random,cgf,13,text_no_punct,0.900252235725751,0.8997779570623301,0.9240570846075433,0.863744640304907,0.8928835262250677,0.08169737458229065,0.061493746328217386,0.9621725262629799,0.9618958176979459,2113,149,286,1813
random,cgf,42,text_no_punct,0.8926851639532217,0.8923111698692379,0.9067331670822942,0.8661267270128633,0.8859649122807017,0.08628011494874954,0.07626331963827734,0.9615869036200557,0.9596061615662868,2075,187,281,1818
random,cgf,13,text_typos,0.8640220132997019,0.8640217559049095,0.8337765957446809,0.896141019533111,0.8638346727898967,0.10868410021066666,0.08305256823961928,0.9395485998342858,0.9377881037114294,1887,375,218,1881
random,cgf,42,text_typos,0.8628754872735611,0.8628608852112947,0.8385205232295896,0.8856598380181039,0.8614457831325302,0.11086374521255493,0.09306741829357598,0.9429447056806555,0.940183140836832,1904,358,240,1859
random,cgf,13,text_word_dropout,0.8970419628525568,0.8967497529726203,0.9064039408866995,0.8766079085278704,0.891256962945023,0.0844997689127922,0.06190082210245719,0.95865584175699,0.9578705665038333,2072,190,259,1840
random,cgf,42,text_word_dropout,0.8890162806695712,0.8888532920156845,0.8854415274463007,0.883754168651739,0.8845970433953266,0.09023220092058182,0.07647175969019093,0.9581820571372246,0.9554561933377244,2022,240,244,1855
