protocol,model,seed,params,train_seconds,accuracy,macro_f1,precision_fake,recall_fake,f1_fake,brier,ece,auroc,auprc,tn,fp,fn,tp,epochs,val_f1
random,tfidf_lr,0,0,0.0,0.7518917679431323,0.7506882409183477,0.7595712098009189,0.708909004287756,0.7333661902414983,0.16922648584074657,0.06720775493376042,0.8381864927469567,0.8169338263058147,1791,471,611,1488,,
random,subreddit_probe,0,0,0.0,1.0,1.0,1.0,1.0,1.0,3.8370877270120846e-05,0.005435178664648111,1.0,1.0,2262,0,0,2099,,
random,llm_zeroshot,0,0,0.0,0.5113506076587938,0.4528480536619557,0.4956616052060738,0.8708909004287756,0.631760843269397,0.36812111735343933,0.33294094363652466,0.5619280411833516,0.5266270031240814,402,1860,271,1828,,
random,majority,0,0,0.0,0.5186883742260949,0.341537067794051,0.0,0.0,0.0,0.4813116192817688,0.48131162577390507,0.5,0.48131162577390507,2262,0,2099,0,,
random,text,13,231554,7.397313594818115,0.7908736528319192,0.7905127897201873,0.7851994233541566,0.7784659361600762,0.7818181818181819,0.1483483761548996,0.052907156663831695,0.8723399505216791,0.8624512751192854,1815,447,465,1634,21.0,0.802098643758425
random,text,42,231554,8.371716976165771,0.7805549185966522,0.7803715784995036,0.7673220973782772,0.7808480228680323,0.7740259740259741,0.1527748703956604,0.06938046600854988,0.8684115083221389,0.8588380776474422,1765,497,460,1639,23.0,0.8058212522475928
random,text,7,231554,7.6581501960754395,0.7901857372162349,0.7901729831970223,0.7578397212543554,0.828966174368747,0.7918088737201365,0.14946648478507996,0.06145810391228561,0.8727754027116613,0.8616047405382316,1706,556,359,1740,22.0,0.8057549590369063
random,image,13,165506,3.0671534538269043,0.8083008484292593,0.8074075842763107,0.8213740458015267,0.7689375893282515,0.7942913385826772,0.13572798669338226,0.016569367374364607,0.8858342295118428,0.8894993522000693,1911,351,485,1614,10.0,0.8017595513909859
random,image,42,165506,3.534940242767334,0.8050905755560651,0.8047689702507906,0.7995203836930456,0.7941877084325869,0.7968451242829828,0.13547150790691376,0.025591313749264745,0.8867891703724858,0.8907702878963926,1844,418,432,1667,9.0,0.7999788977225367
random,image,7,165506,2.9887828826904297,0.7995872506305893,0.7993530257757899,0.7898722195929957,0.7951405431157694,0.7924976258309592,0.13603396713733673,0.031216999194274078,0.8873209801812914,0.8905528002493897,1818,444,430,1669,9.0,0.8041995302074579
random,meta,13,35732,4.008484363555908,0.7303370786516854,0.7303155104959825,0.7076023391812866,0.7494044783230109,0.7279037482646923,0.1813860684633255,0.03290590062153173,0.8044566925684371,0.7866196823323383,1612,650,526,1573,18.0,0.7649691919804771
random,meta,42,35732,6.077855110168457,0.7385920660398991,0.7383972772277227,0.7237517498833411,0.7389232968080038,0.7312588401697313,0.17731575667858124,0.017518278183165675,0.8110710375746272,0.7961033986474282,1670,592,548,1551,28.0,0.7680028909113181
random,meta,7,35732,5.840215444564819,0.7360697087823893,0.7360292352437405,0.7146739130434783,0.7517865650309671,0.7327606222428604,0.17802700400352478,0.024645498502940597,0.8106881345122872,0.7953936298112694,1632,630,521,1578,26.0,0.7681477759130908
random,cons,13,33926,1.5539202690124512,0.679202017885806,0.6689345311231838,0.7342704149933066,0.5226298237255836,0.610631784024492,0.21684736013412476,0.026619170365927286,0.6972662659032195,0.7119679667575716,1865,397,1002,1097,7.0,0.654381825047254
random,cons,42,33926,1.6584205627441406,0.6789727126805778,0.6687254802379073,0.7337792642140468,0.5226298237255836,0.6104618809126322,0.2182808816432953,0.043306229687753946,0.6971410536531859,0.7113265049051409,1864,398,1002,1097,7.0,0.654381825047254
random,cons,7,33926,1.6548748016357422,0.679202017885806,0.6689345311231838,0.7342704149933066,0.5226298237255836,0.610631784024492,0.2171335518360138,0.027616643695157764,0.6971167273035158,0.7106909747827973,1865,397,1002,1097,7.0,0.654381825047254
random,concat,13,363650,8.299570560455322,0.8495757853703279,0.8491226293694492,0.856648541769649,0.8256312529776084,0.8408539543910722,0.11023019254207611,0.059885729185432175,0.9289921224750618,0.9279696358386675,1972,290,366,1733,18.0,0.8652393587773821
random,concat,42,363650,7.2068798542022705,0.8578307727585416,0.8575799880662626,0.8556998556998557,0.8475464506908051,0.8516036381043561,0.10572337359189987,0.04489469013824576,0.9325966345811592,0.9302482398361377,1962,300,320,1779,15.0,0.8611513881949415
random,concat,7,363650,6.126674175262451,0.8564549415271727,0.8562871786449022,0.8485565546616185,0.8542162934730824,0.8513770180436847,0.10385655611753464,0.025802494732099675,0.9324786886433647,0.9302867042588192,1942,320,306,1793,14.0,0.8617205349788253
random,concat_meta,13,365972,8.015555620193481,0.8936023847741343,0.8930655229341896,0.9185867895545314,0.8546927108146737,0.8854886475814413,0.08237418532371521,0.05818682335344043,0.9621330354355934,0.9621115468961795,2103,159,305,1794,18.0,0.8968044422869728
random,concat_meta,42,365972,5.869530439376831,0.8913093327218528,0.8911133824860558,0.8911892152142513,0.881848499285374,0.8864942528735632,0.07957601547241211,0.028319337791162087,0.959425017765607,0.9594160637957144,2036,226,248,1851,13.0,0.894709977728332
random,concat_meta,7,365972,9.71103835105896,0.8968126576473286,0.8966787464793537,0.891686460807601,0.894235350166746,0.8929590865842055,0.08566798269748688,0.0676660219944605,0.9605987904644079,0.9607055779649795,2034,228,222,1877,22.0,0.8915205068187303
random,late,13,397061,6.898716926574707,0.8381105251089199,0.8380699879454452,0.8176014591883265,0.8542162934730824,0.8355079217148182,0.11802032589912415,0.05177741412588473,0.9183439210874278,0.918367882372606,1862,400,306,1793,11.0,0.8429678610261209
random,late,42,397061,6.762743949890137,0.8371933042880073,0.8368327517656765,0.8376276130286825,0.820867079561696,0.829162656400385,0.1179465726017952,0.04616882266958109,0.9165083874305013,0.9159611759256775,1928,334,376,1723,11.0,0.8418535959626647
random,late,7,397061,6.367394208908081,0.8335244210043568,0.832640124936092,0.8529562982005141,0.790376369699857,0.8204747774480712,0.11579318344593048,0.03754017814503532,0.9195836171407462,0.9185680492697162,1976,286,440,1659,10.0,0.8348249752263507
random,cgf,13,763546,11.464887857437134,0.9009401513414355,0.9004785602958926,0.9241730279898219,0.8651738923296808,0.8937007874015748,0.0817849263548851,0.06297437734116015,0.9620797491458398,0.9617846358855753,2113,149,283,1816,12.0,0.8976526056018578
random,cgf,42,763546,13.814997434616089,0.8936023847741343,0.8932257730892543,0.908137793310035,0.8666031443544545,0.8868844466114091,0.08645866811275482,0.07604916496413772,0.9615205590300464,0.9595550845656237,2078,184,280,1819,15.0,0.909352070120623
random,cgf,7,763546,11.00360918045044,0.898876404494382,0.8987366679273678,0.8947619047619048,0.8951881848499286,0.8949749940462015,0.08330222964286804,0.06752603416534207,0.9633226044653491,0.9625412045222527,2041,221,220,1879,12.0,0.8998290213305802
random,cgf_no_gate,13,631450,15.20492434501648,0.8942903003898188,0.8941138970529642,0.8929942418426103,0.8866126727012863,0.8897920153000239,0.09196828305721283,0.0823832022560501,0.9586806946510253,0.956293912255305,2039,223,238,1861,19.0,0.9025730362671571
random,cgf_no_gate,42,631450,7.449563026428223,0.8890162806695712,0.8887847020241618,0.8914202617547261,0.8761314911862792,0.8837097549255166,0.08002293109893799,0.028761883253243168,0.9579291052242047,0.9562742867852163,2038,224,260,1839,9.0,0.8923891571553995
random,cgf_no_gate,7,631450,13.198742389678955,0.8933730795689062,0.8929985752772157,0.9076846307385229,0.8666031443544545,0.8866682914940287,0.08989645540714264,0.07495650731226164,0.9573504329669006,0.9564664354397885,2077,185,280,1819,16.0,0.8960593857116324
random,cgf_no_cons,13,762004,9.164221048355103,0.8761751891767943,0.8759219942009047,0.8774818401937046,0.8632682229633158,0.8703170028818443,0.09210357815027237,0.044878479364530766,0.9484544659176256,0.9491309482490816,2009,253,287,1812,10.0,0.8813619626930305
random,cgf_no_cons,42,762004,10.254567861557007,0.8812199036918138,0.8808059529749257,0.8942643391521197,0.8542162934730824,0.8737816764132553,0.09058564901351929,0.05459162351098514,0.9511854409219329,0.9514654444375933,2050,212,306,1793,11.0,0.8830601540869554
random,cgf_no_cons,7,762004,11.0709810256958,0.8805319880761293,0.8799173531049691,0.9046153846153846,0.8404001905669366,0.8713262533959002,0.09485940635204315,0.07169725621903747,0.9525644606142709,0.9530861478483159,2076,186,335,1764,12.0,0.8861055273882927
random,cgf_no_inter,13,631450,30.416921854019165,0.8945196055950471,0.8944536693878495,0.880631676730144,0.9032872796569795,0.8918156161806209,0.09478157758712769,0.09083639186604313,0.9575958026410624,0.9491885790011432,2005,257,203,1896,36.0,0.9054277383089356
random,cgf_no_inter,42,631450,8.310282945632935,0.9009401513414355,0.90083352493374,0.8933459178857952,0.9018580276322058,0.8975817923186344,0.07657469809055328,0.040889966180960226,0.9632333025410189,0.9615856249151248,2036,226,206,1893,10.0,0.9071927622845326
random,cgf_no_inter,7,631450,9.311629295349121,0.9018573721623481,0.901471257708066,0.9200603318250377,0.8718437351119581,0.8953033268101761,0.0795740857720375,0.05574567953683733,0.9619588545596003,0.9616146108655986,2103,159,269,1830,11.0,0.9019413469698976
random,cgf_no_meta,13,761224,8.33832311630249,0.8715890850722311,0.8714138286893705,0.866254164683484,0.8670795616960457,0.8666666666666667,0.09344545751810074,0.03566378281028705,0.9447663385663418,0.9414450455135546,1981,281,279,1820,9.0,0.8713048555354184
random,cgf_no_meta,42,761224,13.092899799346924,0.8709011694565466,0.8704547642998113,0.882851445663011,0.8437351119580753,0.8628501827040195,0.10825148224830627,0.09058873790393807,0.9410069171080161,0.9395256142708927,2027,235,328,1771,14.0,0.8752269598629947
random,cgf_no_meta,7,761224,10.035804986953735,0.8761751891767943,0.8758734933662575,0.8808011724474841,0.8589804668889948,0.869753979739508,0.0946730300784111,0.05527758644114283,0.947029005012281,0.9447356927798528,2018,244,296,1803,10.0,0.8753132693164885
random,concat_adv,13,382355,7.837253570556641,0.8541618894748911,0.8538131546424615,0.8570034163006345,0.8365888518342067,0.8466730954676953,0.11053989082574844,0.030486852159551506,0.9223201735153238,0.9143854433727695,1969,293,343,1756,16.0,0.8518948662482122
random,concat_adv,42,382355,10.005675554275513,0.8472827333180463,0.8466994546594631,0.8595082789764175,0.8161029061457837,0.8372434017595308,0.11014549434185028,0.04154009506793176,0.9253781325703915,0.9232052691366892,1982,280,386,1713,20.0,0.855843019685949
random,concat_adv,7,382355,9.236674308776855,0.8445310708553084,0.8443293113622263,0.8375296912114014,0.8399237732253454,0.8387250237868696,0.11287044733762741,0.03440856247733721,0.9192952814463881,0.9141757893666504,1920,342,336,1763,18.0,0.8525146202529643
random,cgf_adv,13,782251,9.316163301467896,0.8862646182068333,0.8861935217747248,0.8722712494194148,0.8947117675083373,0.883349012229539,0.08454377949237823,0.037030523432330285,0.9543808280563058,0.9513933118164467,1987,275,221,1878,9.0,0.892112280846651
random,cgf_adv,42,782251,15.225035905838013,0.8940609951845907,0.8939235130521366,0.8888361045130642,0.8913768461171987,0.890104662226451,0.09062430262565613,0.07805456082291545,0.9538741870681545,0.9534737516728012,2028,234,228,1871,15.0,0.9012289535563037
random,cgf_adv,7,782251,8.389994859695435,0.8876404494382022,0.8873351908957507,0.8953316953316953,0.8680323963792282,0.8814707305273343,0.08211091160774231,0.014952460592204724,0.9547423534174202,0.9521305892639849,2049,213,277,1822,8.0,0.893252134839053
random,llm_emb,13,264578,15.372951984405518,0.784682412290759,0.7845947022018323,0.7667893284268629,0.7941877084325869,0.7802480692721742,0.1467905044555664,0.03182980223014059,0.8710406496462254,0.8570348289992504,1755,507,432,1667,40.0,0.8031180437478951
random,llm_emb,42,264578,8.320545434951782,0.7642742490254528,0.7637623680568466,0.7600777076250607,0.7455931395902811,0.7527657527657527,0.15654951333999634,0.03054764024645082,0.8536234045179192,0.8329481846375084,1768,494,534,1565,22.0,0.778703232353199
random,llm_emb,7,264578,14.46302056312561,0.7782618665443706,0.7779921650802937,0.7682464454976303,0.7722725107193902,0.7702542171537182,0.1492505669593811,0.026946543270200518,0.8663150192778424,0.8509954165851727,1773,489,478,1621,39.0,0.7980629409395814
random,cgf_llm,13,1061018,14.86663293838501,0.9009401513414355,0.9006662490746541,0.9099852434825382,0.8813720819437828,0.8954501452081317,0.08319814503192902,0.06719100518044055,0.9609933828116543,0.9599732292089075,2079,183,249,1850,12.0,0.9089446714391842
random,cgf_llm,42,1061018,12.005722761154175,0.8965833524421004,0.8965567006589714,0.8759124087591241,0.9147212958551691,0.8948962945700303,0.07860106229782104,0.037389155062343894,0.9603248820856548,0.9584969029955732,1990,272,179,1920,10.0,0.8981070505982923
random,cgf_llm,7,1061018,22.885255813598633,0.8961247420316442,0.8960537112625014,0.883147113594041,0.9037636969985707,0.8933364728043325,0.08965333551168442,0.08308708982730512,0.9603551057322148,0.9569703067710115,2011,251,202,1897,19.0,0.8980331664443542
random,cgf_llm_adv,13,1079723,11.546955585479736,0.8862646182068333,0.885927715377453,0.8958024691358024,0.8642210576464984,0.8797284190106692,0.08780933171510696,0.04464895611150948,0.9510484340781199,0.947297275281205,2051,211,285,1814,9.0,0.8941822066822067
random,cgf_llm_adv,42,1079723,13.691235542297363,0.8919972483375372,0.891599997361286,0.9074074074074074,0.863744640304907,0.88503783256041,0.08468902856111526,0.043508355753277175,0.9536573560985844,0.951192597876762,2077,185,286,1813,10.0,0.8932212898407217
random,cgf_llm_adv,7,1079723,18.036237716674805,0.8892455858747994,0.8889526097570426,0.8964671246319922,0.8704144830871844,0.883248730964467,0.09010948240756989,0.07061089882150895,0.9537768816694742,0.9528984382021125,2051,211,272,1827,14.0,0.8959930016287856
source,tfidf_lr,0,0,0.0,0.625764192139738,0.6163350972851798,0.5355718085106383,0.5784560143626571,0.5561885033661316,0.23232441055508654,0.09291409822871267,0.6574543201140925,0.562900642632628,2688,1397,1174,1611,,
source,subreddit_probe,0,0,0.0,0.4053857350800582,0.28845157949249095,0.4053857350800582,1.0,0.5769031589849819,0.30308324650101914,0.2490684757799752,0.5,0.4053857350800582,0,4085,0,2785,,
source,llm_zeroshot,0,0,0.0,0.4228529839883552,0.385911231821776,0.39774696707105717,0.8240574506283662,0.5365283459964932,0.44902122020721436,0.4193103485817992,0.444714845441021,0.3595007113091243,610,3475,490,2295,,
source,majority,0,0,0.0,0.4053857350800582,0.28845157949249095,0.4053857350800582,1.0,0.5769031589849819,0.5946142673492432,0.5946142649199417,0.5,0.4053857350800582,0,4085,0,2785,,
source,text,13,231554,3.8551526069641113,0.6167394468704512,0.6089598803785876,0.524390243902439,0.5867145421903052,0.5538044399254364,0.25374311208724976,0.1359481239645285,0.6523736400414003,0.5023052114055466,2603,1482,1151,1634,14.0,0.4013218152349074
source,text,42,231554,4.971324920654297,0.6417758369723435,0.6279791934137341,0.558653149891383,0.5540394973070017,0.5563367586082567,0.24811702966690063,0.1439610837914017,0.6803141062124645,0.5252363264789467,2866,1219,1242,1543,18.0,0.4604262118395338
source,text,7,231554,2.841334581375122,0.6270742358078603,0.610184709425939,0.5419962335216573,0.5166965888689408,0.5290441176470588,0.24657559394836426,0.12261320914221814,0.6577437267755,0.5183044162419128,2869,1216,1346,1439,10.0,0.40796105245787045
source,image,13,165506,3.4419965744018555,0.6478893740902475,0.6195502535125177,0.5828054298642534,0.46247755834829446,0.5157157157157157,0.28781765699386597,0.2505411650698085,0.6524417615790132,0.5832857529843534,3163,922,1497,1288,14.0,0.5831928668326956
source,image,42,165506,2.273681402206421,0.6593886462882096,0.616308257141395,0.6247896803140774,0.4,0.48774080560420313,0.2329064905643463,0.1409793841477695,0.7066673405571463,0.6094377644747015,3416,669,1671,1114,9.0,0.5979923268352263
source,image,7,165506,2.1955504417419434,0.6663755458515284,0.6276320970952161,0.631888710540396,0.42405745062836625,0.5075204125483455,0.2303319275379181,0.1390780643940926,0.710974511557588,0.6171267177841188,3397,688,1604,1181,9.0,0.5943121400476177
source,meta,13,35732,4.547223329544067,0.5746724890829694,0.5683105417340195,0.478929560135343,0.5590664272890484,0.5159045725646123,0.26010632514953613,0.1328998674786334,0.5996610623883412,0.485746088007058,2391,1694,1228,1557,25.0,0.43240786432226064
source,meta,42,35732,2.9864487648010254,0.6170305676855895,0.6118589974916494,0.5233900364520049,0.6186714542190305,0.5670561132137568,0.2457747459411621,0.10649113507000553,0.637150146461306,0.5096231859981348,2516,1569,1062,1723,17.0,0.41242007266424796
source,meta,7,35732,2.030000925064087,0.5823871906841339,0.5777623017030935,0.4875222816399287,0.5892280071813285,0.5335717769468379,0.25696268677711487,0.11610888288162509,0.596799122770393,0.4673789533454102,2360,1725,1144,1641,11.0,0.3909574203346956
source,cons,13,33926,1.1989350318908691,0.610334788937409,0.5620560862366353,0.5299334811529933,0.3432675044883303,0.41664850730006536,0.25471585988998413,0.07391578354689753,0.5756666351696117,0.48909832427561095,3237,848,1829,956,7.0,0.7035556599049635
source,cons,42,33926,1.3476741313934326,0.610334788937409,0.5620560862366353,0.5299334811529933,0.3432675044883303,0.41664850730006536,0.25572019815444946,0.0778576690817504,0.5756992895582866,0.48890612593228444,3237,848,1829,956,7.0,0.7035556599049635
source,cons,7,33926,1.300774097442627,0.610334788937409,0.5620560862366353,0.5299334811529933,0.3432675044883303,0.41664850730006536,0.2588197886943817,0.10942123186987388,0.575694367227827,0.48891411791158323,3237,848,1829,956,7.0,0.7035556599049635
source,concat,13,363650,3.2448461055755615,0.6502183406113538,0.6418031287084554,0.5629947229551451,0.6129263913824058,0.5869004641567819,0.2420673370361328,0.15310236840756958,0.7016807561051182,0.5971956377043321,2760,1325,1078,1707,9.0,0.4995047158041818
source,concat,42,363650,5.015755891799927,0.6574963609898108,0.6360685758756734,0.5893300248138957,0.5116696588868941,0.547760907168941,0.2596935033798218,0.1995890944998229,0.7007036735088524,0.583790909970556,3092,993,1360,1425,14.0,0.5128891968794952
source,concat,7,363650,3.6794826984405518,0.6375545851528385,0.6264209121651605,0.5508796136598827,0.5734290843806105,0.5619282195636875,0.257836252450943,0.17498274237335032,0.6786841116402128,0.5585697313303769,2783,1302,1188,1597,10.0,0.5121261118948741
source,concat_meta,13,365972,8.492155075073242,0.6733624454148471,0.6353539065433012,0.6448848419925013,0.4323159784560144,0.5176268271711092,0.29327356815338135,0.274080345874213,0.7180607775963646,0.6236379866577024,3422,663,1581,1204,24.0,0.5279244785705863
source,concat_meta,42,365972,4.697374105453491,0.6914119359534207,0.6654438843241288,0.6531552280055274,0.5091561938958707,0.5722356739305892,0.24019861221313477,0.1825256684532028,0.7374122166089099,0.6493998157734926,3332,753,1367,1418,13.0,0.5307115486470433
source,concat_meta,7,365972,9.461815118789673,0.6981077147016012,0.6599991886777595,0.6991596638655462,0.4481149012567325,0.5461706783369803,0.2697925865650177,0.2539479204014301,0.7616901173228675,0.6772140438633414,3548,537,1537,1248,26.0,0.5484520754897964
source,late,13,397061,4.125154256820679,0.6663755458515284,0.6500463477386331,0.5947712418300654,0.555475763016158,0.5744522836984776,0.231515035033226,0.12488029116691461,0.7021577826659253,0.6117415178002492,3031,1054,1238,1547,8.0,0.5119617004008146
source,late,42,397061,3.5955135822296143,0.6898107714701601,0.6556786295304018,0.6701352757544224,0.46247755834829446,0.5472700233694497,0.21802404522895813,0.1147986350968762,0.7320706090724702,0.6457525007950137,3451,634,1497,1288,7.0,0.5143549786429619
source,late,7,397061,5.400510549545288,0.6369723435225618,0.6153732875540705,0.5592185592185592,0.4933572710951526,0.52422739412438,0.2668370008468628,0.19892359151568648,0.6670282968077368,0.5652546077322974,3002,1083,1411,1374,11.0,0.4968768119996939
source,cgf,13,763546,7.288701772689819,0.6813682678311499,0.6464508956599408,0.6547248182762202,0.4527827648114901,0.5353428146890257,0.25612056255340576,0.21227320023884202,0.7243773142094936,0.6334648932569424,3420,665,1524,1261,9.0,0.6279070791297858
source,cgf,42,763546,10.355446100234985,0.6496360989810771,0.6168726548029592,0.5910404624277457,0.44057450628366246,0.5048343962147707,0.30814144015312195,0.28709516839132393,0.6690936099800249,0.580343219484359,3236,849,1558,1227,13.0,0.6330079585292505
source,cgf,7,763546,7.667748212814331,0.6689956331877729,0.6095820265153882,0.6818505338078292,0.34398563734290843,0.45727923627684963,0.2837815582752228,0.25834231838594796,0.717265557530836,0.6249155950399425,3638,447,1827,958,10.0,0.6433074779727389
source,cgf_no_gate,13,631450,6.366748094558716,0.6966521106259097,0.6711828229824675,0.6612977450529223,0.5159784560143627,0.5796692214602662,0.24689047038555145,0.20304750316319486,0.7474242367640952,0.6457128231965611,3349,736,1348,1437,9.0,0.6208959196234011
source,cgf_no_gate,42,631450,5.206709146499634,0.6918486171761281,0.6635937619520023,0.6595033428844317,0.49587073608617593,0.5660996105759377,0.22724542021751404,0.16699681632177366,0.7577992787906889,0.6385319521776859,3372,713,1404,1381,7.0,0.6211700693047872
source,cgf_no_gate,7,631450,6.929833889007568,0.6860262008733624,0.6581129949934166,0.6479736098020735,0.49371633752244165,0.5604238842469941,0.2584570646286011,0.21817640808954553,0.7282171714619101,0.6322887665453166,3338,747,1410,1375,9.0,0.6109183420087239
source,cgf_no_cons,13,762004,20.049960136413574,0.6868995633187773,0.66210471820749,0.6425359712230215,0.5131059245960503,0.5705729686564185,0.28850460052490234,0.2744544222246004,0.7208825914311895,0.6354024085754386,3290,795,1356,1429,26.0,0.5231964065795095
source,cgf_no_cons,42,762004,8.944308280944824,0.6749636098981077,0.6605637721700621,0.6033707865168539,0.5784560143626571,0.5906507791017416,0.2771649658679962,0.252764725986071,0.7153459804996605,0.6362656467355091,3026,1059,1174,1611,12.0,0.4995659821094133
source,cgf_no_cons,7,762004,8.402819633483887,0.7062590975254731,0.6974540210053763,0.6316512186749056,0.6606822262118492,0.6458406458406458,0.24494662880897522,0.21264928471069278,0.7579403562976165,0.6771867366222856,3012,1073,945,1840,11.0,0.5623698317731058
source,cgf_no_inter,13,631450,9.828154563903809,0.6829694323144104,0.6397312947691567,0.6780058651026393,0.41508078994614006,0.5149220489977728,0.2911030650138855,0.27830542048325513,0.7182743276294365,0.6326310479356856,3536,549,1629,1156,14.0,0.626143507755024
source,cgf_no_inter,42,631450,6.307326555252075,0.673216885007278,0.6495588854295009,0.6173913043478261,0.5098743267504489,0.5585054080629301,0.25520938634872437,0.20032158842692602,0.7072411876001221,0.6229551377208056,3205,880,1365,1420,9.0,0.6422401362305048
source,cgf_no_inter,7,631450,6.98615837097168,0.6671033478893741,0.6273042060162192,0.6353260869565217,0.4197486535008977,0.5055135135135135,0.2781572937965393,0.2477551052448499,0.6983992757142323,0.6130446952725064,3414,671,1616,1169,10.0,0.6517549265230802
source,cgf_no_meta,13,761224,6.445589065551758,0.6333333333333333,0.5956603782974896,0.5669014084507042,0.40466786355475765,0.47223968154200713,0.2713737189769745,0.2136946032422946,0.6738841802012442,0.5517393576477292,3224,861,1658,1127,8.0,0.6843203939937545
source,cgf_no_meta,42,761224,7.151691913604736,0.6425036390101893,0.591859798502679,0.5987987987987988,0.3579892280071813,0.44808988764044944,0.2954777777194977,0.2651036093361253,0.6951301890482543,0.566769718815503,3417,668,1788,997,9.0,0.6652343077534612
source,cgf_no_meta,7,761224,7.023172378540039,0.6398835516739447,0.6127661819836134,0.5685928539920599,0.46283662477558346,0.5102929532858274,0.29481086134910583,0.26014332109723337,0.6840832489139009,0.5567797863401245,3107,978,1496,1289,9.0,0.6823285826569938
source,concat_adv,13,382355,4.771115064620972,0.6524017467248908,0.6279265002906633,0.5854498493327593,0.4883303411131059,0.5324980422866092,0.2507392466068268,0.17314435306562345,0.6928346250788342,0.584381770247454,3122,963,1425,1360,12.0,0.5148885058110437
source,concat_adv,42,382355,5.32386326789856,0.6503639010189228,0.6429493171314327,0.5618739903069467,0.6244165170556553,0.5914965986394558,0.25427260994911194,0.18654778277965092,0.6980727318274811,0.6158147090199505,2729,1356,1046,1739,14.0,0.5196816240583665
source,concat_adv,7,382355,6.562442302703857,0.6349344978165938,0.6244477538261735,0.5471569628873,0.5770197486535009,0.5616917161831527,0.26075658202171326,0.18054679292518497,0.6732048106990368,0.5839002209137943,2755,1330,1178,1607,17.0,0.5059243448615726
source,cgf_adv,13,782251,6.829092502593994,0.6804949053857351,0.6539419372233809,0.6351970669110908,0.49766606822262116,0.5580833501107308,0.23686590790748596,0.15601916504912677,0.7101589429295339,0.624430569951135,3289,796,1399,1386,8.0,0.6277894981241878
source,cgf_adv,42,782251,6.219677448272705,0.6866084425036391,0.6587469996387696,0.6489161168708766,0.49443447037701976,0.5612390462604443,0.22450418770313263,0.13725243210033386,0.7340112378562371,0.62819665933559,3340,745,1408,1377,7.0,0.6410700574213795
source,cgf_adv,7,782251,8.719444751739502,0.6858806404657933,0.6462286640147565,0.6756302521008404,0.43303411131059244,0.5277899343544857,0.26160576939582825,0.2372684450942095,0.7526568058909747,0.6536865194689181,3506,579,1579,1206,10.0,0.6441637029834224
source,llm_emb,13,264578,2.164944648742676,0.5689956331877729,0.5640872191999654,0.47377830750893923,0.5709156193895871,0.5178309721543722,0.2539621889591217,0.10842660723424895,0.6014040947636512,0.48339382022492755,2319,1766,1195,1590,7.0,0.42282809689938206
source,llm_emb,42,264578,2.6529953479766846,0.5985443959243086,0.5882942022053701,0.5044985004998334,0.5436265709156194,0.523332181126858,0.2514142394065857,0.11076222206892924,0.6342750220296263,0.5057459137410403,2598,1487,1271,1514,9.0,0.4555814455264146
source,llm_emb,7,264578,2.1063454151153564,0.5260553129548763,0.5224854957076311,0.4325408192494987,0.5421903052064632,0.48119821542383684,0.26356446743011475,0.11763878266233543,0.5473236805847025,0.4413930217453917,2104,1981,1275,1510,7.0,0.4388995898350119
source,cgf_llm,13,1061018,8.105871677398682,0.6756914119359534,0.659320119912224,0.6079875920899573,0.563016157989228,0.5846383296047726,0.24257773160934448,0.17621534277577894,0.7221956230813349,0.6204480099955809,3074,1011,1217,1568,8.0,0.6179827302821955
source,cgf_llm,42,1061018,6.995225667953491,0.6860262008733624,0.6415898295089563,0.6884753901560624,0.4118491921005386,0.5153898000449337,0.22612833976745605,0.16460458324812732,0.7639588721710333,0.6444326976423017,3566,519,1638,1147,7.0,0.6013564077822119
source,cgf_llm,7,1061018,20.829378366470337,0.6653566229985444,0.6189713367431668,0.643957345971564,0.39030520646319566,0.4860272747596691,0.31414076685905457,0.3041268338740762,0.6953400033841022,0.597430863258292,3484,601,1698,1087,21.0,0.6238446085112572
source,cgf_llm_adv,13,1079723,7.377582788467407,0.6935953420669578,0.6773620244013354,0.6336477987421384,0.5788150807899461,0.6049915556389567,0.2327786535024643,0.16521624795593634,0.7369616036249448,0.6374163748360583,3153,932,1173,1612,7.0,0.6171967050751764
source,cgf_llm_adv,42,1079723,7.1420981884002686,0.6723435225618631,0.625531568877914,0.6612318840579711,0.39317773788150806,0.4931321774375141,0.23122678697109222,0.15192607958439136,0.733128382728773,0.6149618819489405,3524,561,1690,1095,7.0,0.6217373455058328
source,cgf_llm_adv,7,1079723,10.469552516937256,0.6739446870451238,0.6679906365627124,0.5860979462875198,0.6660682226211849,0.6235294117647059,0.25886115431785583,0.2203082286992708,0.7411284003085246,0.6399954614538185,2775,1310,930,1855,10.0,0.6041797618680087
temporal,tfidf_lr,0,0,0.0,0.6169724770642202,0.615994768263612,0.5808383233532934,0.7012048192771084,0.6353711790393013,0.24333567006652299,0.11041093353964297,0.6587667079697346,0.5941321275344347,1235,1050,620,1455,,
temporal,subreddit_probe,0,0,0.0,0.9763761467889909,0.9762537667956825,1.0,0.9503614457831325,0.9745490486780332,0.06687463830270912,0.11585428983956206,0.9881823310748464,0.9829254672817098,2285,0,103,1972,,
temporal,llm_zeroshot,0,0,0.0,0.5229357798165137,0.47134743679754815,0.49931450507266245,0.8775903614457832,0.6364907375043691,0.35825181007385254,0.3174830628952029,0.5789109699190635,0.531866002240225,459,1826,254,1821,,
temporal,majority,0,0,0.0,0.5240825688073395,0.3438675696012039,0.0,0.0,0.0,0.47591742873191833,0.47591743119266056,0.5,0.47591743119266056,2285,0,2075,0,,
temporal,text,13,231554,2.8134372234344482,0.6323394495412844,0.6249252233746243,0.5814354727398205,0.8120481927710843,0.6776593605469535,0.25847509503364563,0.1581410166516969,0.6551816719833382,0.5657676789785548,1072,1213,390,1685,8.0,0.7167561967648701
temporal,text,42,231554,5.482445478439331,0.6447247706422018,0.6341576312128603,0.5869134170522141,0.8559036144578314,0.6963340521466379,0.27364635467529297,0.19725890996173845,0.6731652737866126,0.6009496372357814,1035,1250,299,1776,16.0,0.7464026935956389
temporal,text,7,231554,7.11837100982666,0.6472477064220183,0.638506179758442,0.590617617279784,0.8433734939759037,0.6947201270345376,0.2753380537033081,0.21310159502926904,0.68902153911049,0.629377484119247,1072,1213,325,1750,21.0,0.7459389299475822
temporal,image,13,165506,2.721829891204834,0.6440366972477064,0.6357918160805509,0.5889153349200952,0.8346987951807229,0.6905901116427432,0.2850257158279419,0.22474524603148394,0.7038791489810445,0.675235534712759,1076,1209,343,1732,9.0,0.7390140014180021
temporal,image,42,165506,3.459846258163452,0.6447247706422018,0.6391274455107632,0.592998585572843,0.8081927710843374,0.684070976952886,0.2836172580718994,0.224227695524214,0.7139359363053968,0.6994821639895945,1134,1151,398,1677,11.0,0.7365970112287467
temporal,image,7,165506,2.7264063358306885,0.6431192660550459,0.6372196967946891,0.5913410770855333,0.8096385542168675,0.6834825061025224,0.2718459665775299,0.20713282356277926,0.7219673617885107,0.7104450983035763,1124,1161,395,1680,9.0,0.7396903120503404
temporal,meta,13,35732,3.1623456478118896,0.6887614678899082,0.6879155057495037,0.6429140127388535,0.7783132530120482,0.7041639415740135,0.19872094690799713,0.06367668559039952,0.7708548680498799,0.735069700987377,1388,897,460,1615,15.0,0.7408056190234408
temporal,meta,42,35732,4.292152404785156,0.6993119266055046,0.6989411936285692,0.6566858080393765,0.771566265060241,0.7095058719255484,0.1976671665906906,0.045570036921000825,0.769314281194801,0.7348490729598938,1448,837,474,1601,17.0,0.7408356295157756
temporal,meta,7,35732,3.302417278289795,0.6940366972477064,0.6930435649048854,0.646269245953415,0.7889156626506024,0.7105034722222222,0.19762049615383148,0.05322103079989415,0.7724181276528432,0.7355037726698748,1389,896,438,1637,15.0,0.7428761341255457
temporal,cons,13,33926,1.6754450798034668,0.6967889908256881,0.6862796495427261,0.7531943510423672,0.5397590361445783,0.6288601909039865,0.2123657763004303,0.05181570794740949,0.7391728137934671,0.7503503229467674,1918,367,955,1120,7.0,0.6710221480863683
temporal,cons,42,33926,2.360337734222412,0.6967889908256881,0.6862796495427261,0.7531943510423672,0.5397590361445783,0.6288601909039865,0.21019066870212555,0.02694274055848428,0.7391629010571827,0.7503504180420815,1918,367,955,1120,9.0,0.6714549811359016
temporal,cons,7,33926,2.993208885192871,0.6967889908256881,0.6862796495427261,0.7531943510423672,0.5397590361445783,0.6288601909039865,0.21030348539352417,0.026159941029111206,0.7392410429464028,0.7510983710129628,1918,367,955,1120,13.0,0.6714549811359016
temporal,concat,13,363650,9.515804529190063,0.6892201834862385,0.6819993765727985,0.6223657375934738,0.8824096385542168,0.729918277855292,0.27787649631500244,0.2618508626621456,0.7886501278637525,0.7614749913804195,1174,1111,244,1831,22.0,0.7918831940214692
temporal,concat,42,363650,6.103455066680908,0.6823394495412844,0.6729958268601008,0.614162806088683,0.8944578313253012,0.7282715322738866,0.2711327373981476,0.23324788479869246,0.7511470828609844,0.7133230834057868,1119,1166,219,1856,14.0,0.7926489442651203
temporal,concat,7,363650,6.969521760940552,0.6802752293577982,0.6712090563895099,0.613160518444666,0.8891566265060241,0.7258064516129032,0.2738325297832489,0.2446355500455023,0.7667600643273311,0.7389008170895108,1121,1164,230,1845,16.0,0.7871793915022749
temporal,concat_meta,13,365972,10.549482583999634,0.7323394495412844,0.7293923837559484,0.6656934306569343,0.8790361445783132,0.7576323987538941,0.24463839828968048,0.2362682398101059,0.8447239461126783,0.8153805611466358,1369,916,251,1824,24.0,0.8103282454774832
temporal,concat_meta,42,365972,12.351856708526611,0.725,0.7205367112443447,0.6544428772919605,0.8944578313253012,0.7558542048462635,0.2529395818710327,0.24688928956294076,0.8455837178033798,0.8184515613695791,1305,980,219,1856,27.0,0.8105110663983903
temporal,concat_meta,7,365972,5.736227989196777,0.7098623853211009,0.7020273260293993,0.6353609625668449,0.916144578313253,0.7503453720149991,0.23662137985229492,0.21314459810409386,0.8367364952149957,0.8249973189119723,1194,1091,174,1901,13.0,0.8110167858340154
temporal,late,13,397061,4.984333515167236,0.6688073394495413,0.6610401636696457,0.6071307300509338,0.8616867469879518,0.7123505976095618,0.2644452750682831,0.2003647055938293,0.715738999762727,0.6774703360279705,1128,1157,287,1788,8.0,0.7679847711343775
temporal,late,42,397061,6.290977954864502,0.6642201834862386,0.658750307940766,0.6076841734226296,0.8308433734939759,0.7019543973941368,0.26954373717308044,0.2263768422088389,0.7341720492473175,0.7047708963697976,1172,1113,351,1724,10.0,0.7724658499712166
temporal,late,7,397061,7.607679128646851,0.6678899082568808,0.6646584246305829,0.6155547364541099,0.8048192771084337,0.697577276524645,0.28251636028289795,0.24817324065210283,0.7294576995069996,0.6981313963035003,1242,1043,405,1670,12.0,0.7633966417808407
temporal,cgf,13,763546,11.884055376052856,0.7472477064220183,0.7457012808298931,0.6853333333333333,0.8669879518072289,0.765531914893617,0.22477787733078003,0.2165946953981226,0.8547497297724816,0.8420451134296573,1459,826,276,1799,13.0,0.8219051249931921
temporal,cgf,42,763546,10.104219675064087,0.7385321100917431,0.7354314855694547,0.6695683714182082,0.8896385542168674,0.7640728476821192,0.22848916053771973,0.2102065070352833,0.8389743481584983,0.8205107240071255,1374,911,229,1846,11.0,0.8166173961112313
temporal,cgf,7,763546,18.15975332260132,0.7380733944954129,0.7344398517293794,0.6669051878354204,0.8983132530120482,0.7655030800821355,0.242879718542099,0.23841518033787162,0.8365044950040865,0.7845321752375279,1354,931,211,1864,20.0,0.8229484687941908
temporal,cgf_no_gate,13,631450,10.930598735809326,0.7339449541284404,0.7308705562725104,0.6663031624863686,0.8833734939759036,0.7596353087443017,0.23380401730537415,0.22349939302652388,0.851095937359943,0.840995454310083,1367,918,242,1833,13.0,0.8185009516703832
temporal,cgf_no_gate,42,631450,12.193333864212036,0.7350917431192661,0.7333036898179661,0.674110522331567,0.8583132530120482,0.7551409794360823,0.236480712890625,0.2212256541022809,0.8290976773615248,0.8090464494443101,1424,861,294,1781,15.0,0.8145530902594854
temporal,cgf_no_gate,7,631450,12.173369407653809,0.7330275229357798,0.7315265823090161,0.6744542320949828,0.8486746987951808,0.7516005121638925,0.23808756470680237,0.22218330387141422,0.8339138962853602,0.8206468747683092,1435,850,314,1761,14.0,0.8099557825067466
temporal,cgf_no_cons,13,762004,20.13911747932434,0.7059633027522936,0.7011734253962172,0.639760310186817,0.8746987951807229,0.7390065146579805,0.276323527097702,0.27011869203976413,0.7965003822730747,0.7309304171576375,1263,1022,260,1815,22.0,0.7979048855103366
temporal,cgf_no_cons,42,762004,17.81229305267334,0.7052752293577982,0.7005270256105358,0.639378969654199,0.8732530120481927,0.7382358932572826,0.27274051308631897,0.26484109341239537,0.7968542880493528,0.736400961780912,1263,1022,263,1812,20.0,0.8024268195777764
temporal,cgf_no_cons,7,762004,8.455259799957275,0.6951834862385321,0.6906641093140136,0.6326458036984353,0.8573493975903614,0.7280540208717005,0.2524305284023285,0.2175880321310064,0.7885909678099706,0.7743494030412571,1252,1033,296,1779,9.0,0.7935436207558555
temporal,cgf_no_inter,13,631450,9.10207724571228,0.7454128440366973,0.7415061735991468,0.6710386387805742,0.912289156626506,0.7732843137254902,0.2195655107498169,0.20654233122797716,0.8675601486910443,0.8582939657057668,1357,928,182,1893,11.0,0.820318392863868
temporal,cgf_no_inter,42,631450,13.48254108428955,0.748165137614679,0.7460275019098549,0.6819366852886406,0.8824096385542168,0.769327731092437,0.22600461542606354,0.21802918355123763,0.8620474018612745,0.8501130542143834,1431,854,244,1831,16.0,0.8312399063860072
temporal,cgf_no_inter,7,631450,8.443105697631836,0.7422018348623853,0.7382758067475862,0.6686768357573608,0.908433734939759,0.7703310175725377,0.21449768543243408,0.19378194459393583,0.8542891038991854,0.8444774761103673,1351,934,190,1885,10.0,0.8160285802694871
temporal,cgf_no_meta,13,761224,9.05712604522705,0.7036697247706422,0.6982937490453046,0.6365538890826649,0.8795180722891566,0.7385673816268717,0.24671140313148499,0.21801906149287564,0.7873812976193616,0.7577508956281103,1243,1042,250,1825,10.0,0.8000609711988591
temporal,cgf_no_meta,42,761224,12.658254623413086,0.6995412844036697,0.6928823951860892,0.6306798770071745,0.8896385542168674,0.7381047580967613,0.28031259775161743,0.27390968944501437,0.7988672062429147,0.76096051499167,1204,1081,229,1846,14.0,0.7996064627522805
temporal,cgf_no_meta,7,761224,10.459240674972534,0.7032110091743119,0.6951730290610674,0.6304710992315402,0.9093975903614457,0.744672454617206,0.25801756978034973,0.234332952940828,0.7907562679602436,0.763392100564781,1179,1106,188,1887,11.0,0.7952259786961615
temporal,concat_adv,13,382355,11.845874071121216,0.6885321100917431,0.6834208394902037,0.6262768580486087,0.8568674698795181,0.7236467236467237,0.25713247060775757,0.21985342846328926,0.7581531728665207,0.6934919273944642,1224,1061,297,1778,24.0,0.7849727978152481
temporal,concat_adv,42,382355,6.452999114990234,0.6729357798165138,0.6657333333333333,0.610940170940171,0.8612048192771085,0.7148,0.265631765127182,0.21262358027006234,0.7196656033323666,0.6400759630524713,1147,1138,288,1787,13.0,0.7722443404298673
temporal,concat_adv,7,382355,10.267886400222778,0.6802752293577982,0.6686105638697708,0.6097325169191106,0.9118072289156627,0.7307840865198918,0.2723390460014343,0.23500161885258253,0.7582711766101605,0.7003041919826694,1074,1211,183,1892,21.0,0.7841037465896472
temporal,cgf_adv,13,782251,18.733879804611206,0.7389908256880734,0.7368418261151636,0.6748786860768944,0.8713253012048193,0.7606226335717291,0.23904919624328613,0.2270041976701853,0.8257876670796973,0.7908106166459663,1414,871,267,1808,19.0,0.8153232653721414
temporal,cgf_adv,42,782251,10.44394850730896,0.7288990825688073,0.7250176562150837,0.6592936139850161,0.8906024096385542,0.7576875768757687,0.22813479602336884,0.2037842835380841,0.8245489968627245,0.7942350713416517,1330,955,227,1848,10.0,0.8100680174009182
temporal,cgf_adv,7,782251,9.288564443588257,0.7293577981651376,0.725924296975152,0.6613775694194014,0.883855421686747,0.7566006600660066,0.23565441370010376,0.2125088161739751,0.8157073633703303,0.7879602777093054,1346,939,241,1834,9.0,0.8051966002300199
temporal,llm_emb,13,264578,13.219862461090088,0.6598623853211009,0.6451078003690487,0.5932577189666036,0.9074698795180723,0.7174699942846257,0.26070457696914673,0.18801744266951437,0.6863804276185705,0.6099609192947172,994,1291,192,1883,37.0,0.7455630401203415
temporal,llm_emb,42,264578,6.859267950057983,0.6529816513761468,0.6447674212283221,0.5953188602442334,0.8457831325301205,0.6987855863030061,0.25124967098236084,0.15924153789202894,0.6677124251931138,0.5685358970560255,1092,1193,320,1755,19.0,0.7389503772694586
temporal,llm_emb,7,264578,8.63453221321106,0.648394495412844,0.6424753538121322,0.5952213633169361,0.8163855421686746,0.6884779516358464,0.25832194089889526,0.17580037416309252,0.6732133611030555,0.5799086202976338,1133,1152,381,1694,23.0,0.7383897602288978
temporal,cgf_llm,13,1061018,20.575820922851562,0.7231651376146789,0.7184027855998929,0.6521739130434783,0.8963855421686747,0.7550233407753196,0.2618163526058197,0.25436948716283747,0.8078517307743007,0.7430383870385227,1293,992,215,1860,17.0,0.8128643043533543
temporal,cgf_llm,42,1061018,14.27347445487976,0.7307339449541285,0.7258830837778206,0.6572425828970332,0.9074698795180723,0.7623481781376519,0.2439863532781601,0.23325011273984875,0.8408953099048272,0.8221334642609374,1303,982,192,1883,12.0,0.8188036203006439
temporal,cgf_llm,7,1061018,10.914076805114746,0.7254587155963302,0.7214195065382547,0.6562277580071174,0.8886746987951807,0.75496417604913,0.22207026183605194,0.19314350391131477,0.8370953573594158,0.8266753021934187,1319,966,231,1844,9.0,0.8142052501088952
temporal,cgf_llm_adv,13,1079723,16.57049012184143,0.7277522935779817,0.7248864063747985,0.6626373626373626,0.8718072289156626,0.7529656607700312,0.2274244874715805,0.20210402514539882,0.8105438823126203,0.7689287673054501,1364,921,266,1809,13.0,0.8110741120218579
temporal,cgf_llm_adv,42,1079723,17.615121364593506,0.7160550458715597,0.7089332694005481,0.641051567239636,0.9166265060240963,0.7544625148750496,0.2562313675880432,0.2401158262595295,0.8066639951490865,0.7565225551106418,1220,1065,173,1902,13.0,0.8159374844673783
temporal,cgf_llm_adv,7,1079723,17.54422426223755,0.7293577981651376,0.7249164879222683,0.6576259246213455,0.8997590361445783,0.7598697598697599,0.23243890702724457,0.20636417046488353,0.8049432917666288,0.7682677233041559,1313,972,208,1867,14.0,0.8126264019713765
