protocol,reference,model,n01,n10,p_value,statistic,delta_mean,delta_lo,delta_hi,p_greater
random,cgf_llm_adv,tfidf_lr,855,245,1.3496521453620353e-79,337.1645454545455,0.14046111498525032,0.1255052222355427,0.1549458529872307,0.0
random,cgf_llm_adv,subreddit_probe,0,472,1.6401064715739963e-142,470.0021186440678,-0.10866510868608055,-0.11777872821106707,-0.09940459512904591,1.0
random,cgf_llm_adv,llm_zeroshot,1921,262,3.458031794967e-311,1259.2597343105817,0.43862268079886874,0.42111277457493346,0.45599939802824235,0.0
random,cgf_llm_adv,majority,1818,191,0.0,1316.0159283225485,0.5499137959456193,0.5389044680216506,0.5613336453241858,0.0
random,cgf_llm_adv,text,666,221,1.6446117798545062e-52,222.25028184892898,0.10160525308231277,0.08787010469793871,0.11449332638390752,0.0
random,cgf_llm_adv,image,525,163,3.1383601062428075e-45,189.4200581395349,0.0831526474663278,0.07167858994832989,0.09542036399136647,0.0
random,cgf_llm_adv,meta,943,259,1.215533438383196e-91,388.09400998336105,0.15657225828636712,0.14115542413873985,0.17173023695363554,0.0
random,cgf_llm_adv,cons,1110,183,4.07156502292049e-162,663.1678267594741,0.22248655771207843,0.20777542360483375,0.2378668817599354,0.0
random,cgf_llm_adv,concat,287,151,7.916203707831654e-11,41.60958904109589,0.031118134644442515,0.021878297009820826,0.04036170359533521,0.0
random,cgf_llm_adv,concat_meta,192,229,0.07921561635200787,3.0783847980997625,-0.008663993410790232,-0.018048800781346633,0.0004178541858077747,0.9685
random,cgf_llm_adv,late,345,128,4.648071542943415e-24,98.6384778012685,0.049755815700610724,0.039868745599580174,0.05988273855975435,0.0
random,cgf_llm_adv,cgf,75,132,9.038603372205988e-05,15.14975845410628,-0.013155610518645904,-0.019534451396357753,-0.006712471476472218,0.9995
random,cgf_llm_adv,cgf_no_gate,84,125,0.005532134131497962,7.655502392344498,-0.009542432626176435,-0.01604341595987564,-0.0032535561571809934,0.9975
random,cgf_llm_adv,cgf_no_cons,171,163,0.7017635113423718,0.1467065868263473,0.001856324288289053,-0.006458797298967453,0.009716507082046265,0.3285
random,cgf_llm_adv,cgf_no_inter,94,154,0.00016771293894666286,14.036290322580646,-0.0141513682084502,-0.02100670266994534,-0.007241196594936972,1.0
random,cgf_llm_adv,cgf_no_meta,144,99,0.004663187385186956,7.967078189300412,0.01025197914312778,0.003366275309981415,0.01690858263041341,0.002
random,cgf_llm_adv,concat_adv,314,137,4.567361474827515e-17,68.6829268292683,0.04055671743516759,0.030409028527358575,0.04979213893772396,0.0
random,cgf_llm_adv,cgf_adv,92,92,1.0,0.005434782608695652,-0.00016938850533509148,-0.0058867352328728475,0.005984849337087288,0.5365
random,cgf_llm_adv,llm_emb,703,220,1.736895867557368e-59,251.7053087757313,0.11076672760859563,0.09702582319407073,0.12439316793115503,0.0
random,cgf_llm_adv,cgf_llm,72,119,0.0008276083957788176,11.078534031413612,-0.011061953091184136,-0.01728907100070092,-0.004794358907166067,1.0
source,cgf_llm_adv,tfidf_lr,1434,1000,1.3713772133409757e-18,77.0291700903862,0.055931793522248995,0.041327814417676384,0.0709881735935406,0.0
source,cgf_llm_adv,subreddit_probe,3140,1192,2.708572238030652e-199,875.0713296398892,0.3838844085965042,0.37069825475786433,0.3974598197489535,0.0
source,cgf_llm_adv,llm_zeroshot,2900,1072,8.050247077713339e-192,840.3648036253776,0.28657386977233557,0.27082169746999124,0.30338788883812456,0.0
source,cgf_llm_adv,majority,3140,1192,2.708572238030652e-199,875.0713296398892,0.3838844085965042,0.37069825475786433,0.3974598197489535,0.0
source,cgf_llm_adv,text,1216,809,1.397133505402213e-19,81.40049382716049,0.05542874872498442,0.042141777409930234,0.06868455814856836,0.0
source,cgf_llm_adv,image,874,683,1.4291720474391245e-06,23.185613359023765,0.048060545901009194,0.03578995289675835,0.05972832096846765,0.0
source,cgf_llm_adv,meta,1762,1116,1.4501799007210982e-33,144.55350938151494,0.08228054161532715,0.06654518464013627,0.09747936083154189,0.0
source,cgf_llm_adv,cons,1317,777,2.285821070308674e-32,138.73973256924546,0.11037278334140879,0.09637412160849022,0.12496390742509092,0.0
source,cgf_llm_adv,concat,791,541,7.79596528463753e-12,46.5472972972973,0.03349486557260199,0.02265871262289814,0.0446218187123185,0.0
source,cgf_llm_adv,concat_meta,750,729,0.603042971409711,0.2704530087897228,0.02322852873390225,0.010994596961448297,0.034819850378163396,0.0
source,cgf_llm_adv,late,647,512,8.141578846152475e-05,15.492666091458153,0.02571192159025022,0.015436462040016826,0.03607007796329314,0.0
source,cgf_llm_adv,cgf,550,405,3.038165338176338e-06,21.713089005235602,0.04764379505008509,0.037758737982321475,0.05737957886721576,0.0
source,cgf_llm_adv,cgf_no_gate,270,296,0.29333016743551465,1.1042402826855124,0.007175704985527632,4.8610444283037074e-05,0.014515148229553604,0.024
source,cgf_llm_adv,cgf_no_cons,572,610,0.2818324894916388,1.1582064297800339,-0.006696366359297016,-0.016528257083956253,0.0035466827434007414,0.9025
source,cgf_llm_adv,cgf_no_inter,518,446,0.022161203010130002,5.229253112033195,0.03183744415975194,0.022143605097000654,0.041378592529016274,0.0
source,cgf_llm_adv,cgf_no_meta,626,314,1.3238802932153698e-24,102.89468085106382,0.06705352137669544,0.05787174295945212,0.07666714074253629,0.0
source,cgf_llm_adv,concat_adv,782,511,4.848791322566445e-14,56.380510440835266,0.03617024092918061,0.025710286394816574,0.04678758362086372,0.0
source,cgf_llm_adv,cgf_adv,351,341,0.7322815068076116,0.11705202312138728,0.01963366129422723,0.011299432069156198,0.02794095784382873,0.0
source,cgf_llm_adv,llm_emb,1689,874,3.7356335790144668e-59,258.52360515021456,0.10930866483975356,0.09493204505300802,0.12443231711476296,0.0
source,cgf_llm_adv,cgf_llm,448,390,0.04888464507350068,3.87708830548926,0.030770039517463207,0.022046633916556382,0.03963676816647778,0.0
temporal,cgf_llm_adv,tfidf_lr,723,250,6.922043289334438e-54,228.9660842754368,0.10461876175625186,0.09021647077780362,0.11898484370220141,0.0
temporal,cgf_llm_adv,subreddit_probe,88,1182,3.5703734677101264e-245,940.6685039370079,-0.2557723460549811,-0.2701739651822948,-0.2414946525879224,1.0
temporal,cgf_llm_adv,llm_zeroshot,1187,304,3.0968106424958646e-123,521.7464788732394,0.24893504022268784,0.23191061211385336,0.2669504408994384,0.0
temporal,cgf_llm_adv,majority,1871,993,2.6514683660746314e-61,268.5506284916201,0.37660044411412175,0.36061277656668445,0.39240626640164283,0.0
temporal,cgf_llm_adv,text,510,175,7.507500799308128e-39,162.85547445255474,0.08137415420441522,0.06927218031624532,0.093753184251521,0.0
temporal,cgf_llm_adv,image,456,116,1.3228196576643373e-48,200.91083916083917,0.07953130632169507,0.06884267063736846,0.09017875562139001,0.0
temporal,cgf_llm_adv,meta,807,675,0.0006618478736889098,11.57962213225371,0.025858660998894476,0.008717072109355826,0.04314006851786057,0.001
temporal,cgf_llm_adv,cons,1013,888,0.0044426508950116276,8.08837453971594,0.03419011226694433,0.01587518338383437,0.05366638507379491,0.0
temporal,cgf_llm_adv,concat,287,118,2.3710077663140542e-17,69.68888888888888,0.042367957480505924,0.033231343219016565,0.05209448761729262,0.0
temporal,cgf_llm_adv,concat_meta,219,217,0.9618101638564108,0.0022935779816513763,0.00020010287395964583,-0.009407765693301262,0.009783406095172762,0.479
temporal,cgf_llm_adv,late,329,74,1.8314757909865783e-39,160.0893300248139,0.05891103188910519,0.05003141881461881,0.06775186272358914,0.0
temporal,cgf_llm_adv,cgf,75,163,1.1747767176767093e-08,31.80252100840336,-0.022331106842267686,-0.029662824771946254,-0.014989691390134329,1.0
temporal,cgf_llm_adv,cgf_no_gate,98,161,0.00010882870156586951,14.841698841698841,-0.01730649576648809,-0.024775179097267695,-0.009923562675112069,1.0
temporal,cgf_llm_adv,cgf_no_cons,194,111,2.3234781216063164e-06,22.04590163934426,0.019036642051075168,0.010894213386405551,0.027133298221442247,0.0
temporal,cgf_llm_adv,cgf_no_inter,88,188,1.6986145942482743e-09,35.51086956521739,-0.024574434629074174,-0.03222900047098878,-0.016848619227380048,1.0
temporal,cgf_llm_adv,cgf_no_meta,166,66,4.030514741264777e-11,42.24568965517241,0.02493006379706946,0.01784176491320106,0.031956137753036545,0.0
temporal,cgf_llm_adv,concat_adv,294,115,3.5859701991028026e-19,77.46699266503667,0.04404984164939977,0.03495363727848862,0.05349424045815797,0.0
temporal,cgf_llm_adv,cgf_adv,73,104,0.023863795943825466,5.084745762711864,-0.009131254657100733,-0.01508694880216356,-0.0027597946507811016,0.998
temporal,cgf_llm_adv,llm_emb,489,201,1.3598894874205529e-28,119.37536231884059,0.07091755265970785,0.05867146513907457,0.08343225297622918,0.0
temporal,cgf_llm_adv,cgf_llm,73,76,0.8699229710286401,0.026845637583892617,-0.0008244421051432351,-0.006558330116861591,0.005032758743354738,0.6125
