protocol,reference,model,n01,n10,p_value,statistic,delta_mean,delta_lo,delta_hi,p_greater,p_holm,significant_holm
random,cgf_llm_adv,majority,1818,191,0.0,1316.0159283225485,0.5499137959456193,0.5389044680216506,0.5613336453241858,0.0,0.0,True
random,cgf_llm_adv,llm_zeroshot,1921,262,3.458031794967e-311,1259.2597343105815,0.4386226807988687,0.4211127745749334,0.4559993980282423,0.0,6.5702604104369e-310,True
random,cgf_llm_adv,cons,1110,183,4.07156502292049e-162,663.1678267594741,0.2224865577120784,0.2077754236048337,0.2378668817599354,0.0,7.328817041256883e-161,True
random,cgf_llm_adv,subreddit_probe,0,472,1.6401064715739966e-142,470.0021186440678,-0.1086651086860805,-0.117778728211067,-0.0994045951290459,1.0,2.788181001675794e-141,True
random,cgf_llm_adv,meta,943,259,1.2155334383831958e-91,388.09400998336105,0.1565722582863671,0.1411554241387398,0.1717302369536355,0.0,1.9448535014131133e-90,True
random,cgf_llm_adv,tfidf_lr,855,245,1.3496521453620353e-79,337.1645454545455,0.1404611149852503,0.1255052222355427,0.1549458529872307,0.0,2.024478218043053e-78,True
random,cgf_llm_adv,llm_emb,703,220,1.736895867557368e-59,251.7053087757313,0.1107667276085956,0.0970258231940707,0.124393167931155,0.0,2.4316542145803152e-58,True
random,cgf_llm_adv,text,666,221,1.6446117798545063e-52,222.25028184892895,0.1016052530823127,0.0878701046979387,0.1144933263839075,0.0,2.1379953138108583e-51,True
random,cgf_llm_adv,image,525,163,3.1383601062428075e-45,189.4200581395349,0.0831526474663278,0.0716785899483298,0.0954203639913664,0.0,3.766032127491369e-44,True
random,cgf_llm_adv,late,345,128,4.648071542943415e-24,98.6384778012685,0.0497558157006107,0.0398687455995801,0.0598827385597543,0.0,5.112878697237757e-23,True
random,cgf_llm_adv,concat_adv,314,137,4.5673614748275145e-17,68.6829268292683,0.0405567174351675,0.0304090285273585,0.0497921389377239,0.0,4.567361474827515e-16,True
random,cgf_llm_adv,concat,287,151,7.916203707831654e-11,41.60958904109589,0.0311181346444425,0.0218782970098208,0.0403617035953352,0.0,7.124583337048488e-10,True
random,cgf_llm_adv,cgf,75,132,9.038603372205988e-05,15.14975845410628,-0.0131556105186459,-0.0195344513963577,-0.0067124714764722,0.9995,0.000723088269776479,True
random,cgf_llm_adv,cgf_no_inter,94,154,0.0001677129389466,14.036290322580646,-0.0141513682084502,-0.0210067026699453,-0.0072411965949369,1.0,0.0011739905726262001,True
random,cgf_llm_adv,cgf_llm,72,119,0.0008276083957788,11.078534031413612,-0.0110619530911841,-0.0172890710007009,-0.004794358907166,1.0,0.0049656503746728,True
random,cgf_llm_adv,cgf_no_meta,144,99,0.0046631873851869,7.967078189300412,0.0102519791431277,0.0033662753099814,0.0169085826304134,0.002,0.023315936925934498,True
random,cgf_llm_adv,cgf_no_gate,84,125,0.0055321341314979,7.655502392344498,-0.0095424326261764,-0.0160434159598756,-0.0032535561571809,0.9975,0.023315936925934498,True
random,cgf_llm_adv,concat_meta,192,229,0.0792156163520078,3.0783847980997625,-0.0086639934107902,-0.0180488007813466,0.0004178541858077,0.9685,0.2376468490560234,False
random,cgf_llm_adv,cgf_no_cons,171,163,0.7017635113423718,0.1467065868263473,0.001856324288289,-0.0064587972989674,0.0097165070820462,0.3285,1.0,False
random,cgf_llm_adv,cgf_adv,92,92,1.0,0.0054347826086956,-0.000169388505335,-0.0058867352328728,0.0059848493370872,0.5365,1.0,False
source,cgf_llm_adv,subreddit_probe,3140,1192,2.7085722380306523e-199,875.0713296398892,0.3838844085965042,0.3706982547578643,0.3974598197489535,0.0,5.417144476061305e-198,True
source,cgf_llm_adv,majority,3140,1192,2.7085722380306523e-199,875.0713296398892,0.3838844085965042,0.3706982547578643,0.3974598197489535,0.0,5.417144476061305e-198,True
source,cgf_llm_adv,llm_zeroshot,2900,1072,8.050247077713339e-192,840.3648036253776,0.2865738697723355,0.2708216974699912,0.3033878888381245,0.0,1.449044473988401e-190,True
source,cgf_llm_adv,llm_emb,1689,874,3.7356335790144668e-59,258.52360515021456,0.1093086648397535,0.094932045053008,0.1244323171147629,0.0,6.350577084324593e-58,True
source,cgf_llm_adv,meta,1762,1116,1.4501799007210982e-33,144.55350938151494,0.0822805416153271,0.0665451846401362,0.0974793608315418,0.0,2.320287841153757e-32,True
source,cgf_llm_adv,cons,1317,777,2.285821070308674e-32,138.73973256924546,0.1103727833414087,0.0963741216084902,0.1249639074250909,0.0,3.428731605463011e-31,True
source,cgf_llm_adv,cgf_no_meta,626,314,1.3238802932153698e-24,102.89468085106382,0.0670535213766954,0.0578717429594521,0.0766671407425362,0.0,1.8534324105015177e-23,True
source,cgf_llm_adv,text,1216,809,1.397133505402213e-19,81.40049382716049,0.0554287487249844,0.0421417774099302,0.0686845581485683,0.0,1.816273557022877e-18,True
source,cgf_llm_adv,tfidf_lr,1434,1000,1.3713772133409757e-18,77.0291700903862,0.0559317935222489,0.0413278144176763,0.0709881735935406,0.0,1.645652656009171e-17,True
source,cgf_llm_adv,concat_adv,782,511,4.8487913225664454e-14,56.38051044083527,0.0361702409291806,0.0257102863948165,0.0467875836208637,0.0,5.33367045482309e-13,True
source,cgf_llm_adv,concat,791,541,7.79596528463753e-12,46.5472972972973,0.0334948655726019,0.0226587126228981,0.0446218187123185,0.0,7.79596528463753e-11,True
source,cgf_llm_adv,image,874,683,1.4291720474391245e-06,23.185613359023765,0.0480605459010091,0.0357899528967583,0.0597283209684676,0.0,1.286254842695212e-05,True
source,cgf_llm_adv,cgf,550,405,3.038165338176338e-06,21.7130890052356,0.047643795050085,0.0377587379823214,0.0573795788672157,0.0,2.4305322705410705e-05,True
source,cgf_llm_adv,late,647,512,8.141578846152475e-05,15.492666091458153,0.0257119215902502,0.0154364620400168,0.0360700779632931,0.0,0.0005699105192306733,True
source,cgf_llm_adv,cgf_no_inter,518,446,0.02216120301013,5.229253112033195,0.0318374441597519,0.0221436050970006,0.0413785925290162,0.0,0.13296721806078,False
source,cgf_llm_adv,cgf_llm,448,390,0.0488846450735006,3.87708830548926,0.0307700395174632,0.0220466339165563,0.0396367681664777,0.0,0.244423225367503,False
source,cgf_llm_adv,cgf_no_cons,572,610,0.2818324894916388,1.158206429780034,-0.006696366359297,-0.0165282570839562,0.0035466827434007,0.9025,1.0,False
source,cgf_llm_adv,cgf_no_gate,270,296,0.2933301674355146,1.1042402826855124,0.0071757049855276,4.8610444283037074e-05,0.0145151482295536,0.024,1.0,False
source,cgf_llm_adv,concat_meta,750,729,0.603042971409711,0.2704530087897228,0.0232285287339022,0.0109945969614482,0.0348198503781633,0.0,1.0,False
source,cgf_llm_adv,cgf_adv,351,341,0.7322815068076116,0.1170520231213872,0.0196336612942272,0.0112994320691561,0.0279409578438287,0.0,1.0,False
temporal,cgf_llm_adv,subreddit_probe,88,1182,3.5703734677101268e-245,940.668503937008,-0.2557723460549811,-0.2701739651822948,-0.2414946525879224,1.0,7.140746935420254e-244,True
temporal,cgf_llm_adv,llm_zeroshot,1187,304,3.0968106424958646e-123,521.7464788732394,0.2489350402226878,0.2319106121138533,0.2669504408994384,0.0,5.883940220742143e-122,True
temporal,cgf_llm_adv,majority,1871,993,2.6514683660746317e-61,268.5506284916201,0.3766004441141217,0.3606127765666844,0.3924062664016428,0.0,4.772643058934337e-60,True
temporal,cgf_llm_adv,tfidf_lr,723,250,6.922043289334437e-54,228.9660842754368,0.1046187617562518,0.0902164707778036,0.1189848437022014,0.0,1.1767473591868543e-52,True
temporal,cgf_llm_adv,image,456,116,1.3228196576643372e-48,200.9108391608392,0.079531306321695,0.0688426706373684,0.09017875562139,0.0,2.1165114522629395e-47,True
temporal,cgf_llm_adv,late,329,74,1.8314757909865783e-39,160.0893300248139,0.0589110318891051,0.0500314188146188,0.0677518627235891,0.0,2.7472136864798674e-38,True
temporal,cgf_llm_adv,text,510,175,7.507500799308128e-39,162.85547445255474,0.0813741542044152,0.0692721803162453,0.093753184251521,0.0,1.051050111903138e-37,True
temporal,cgf_llm_adv,llm_emb,489,201,1.3598894874205527e-28,119.3753623188406,0.0709175526597078,0.0586714651390745,0.0834322529762291,0.0,1.7678563336467185e-27,True
temporal,cgf_llm_adv,concat_adv,294,115,3.5859701991028026e-19,77.46699266503667,0.0440498416493997,0.0349536372784886,0.0534942404581579,0.0,4.303164238923363e-18,True
temporal,cgf_llm_adv,concat,287,118,2.3710077663140545e-17,69.68888888888888,0.0423679574805059,0.0332313432190165,0.0520944876172926,0.0,2.60810854294546e-16,True
temporal,cgf_llm_adv,cgf_no_meta,166,66,4.030514741264777e-11,42.24568965517241,0.0249300637970694,0.017841764913201,0.0319561377530365,0.0,4.030514741264777e-10,True
temporal,cgf_llm_adv,cgf_no_inter,88,188,1.6986145942482743e-09,35.51086956521739,-0.0245744346290741,-0.0322290004709887,-0.01684861922738,1.0,1.528753134823447e-08,True
temporal,cgf_llm_adv,cgf,75,163,1.1747767176767093e-08,31.80252100840336,-0.0223311068422676,-0.0296628247719462,-0.0149896913901343,1.0,9.398213741413674e-08,True
temporal,cgf_llm_adv,cgf_no_cons,194,111,2.3234781216063164e-06,22.04590163934426,0.0190366420510751,0.0108942133864055,0.0271332982214422,0.0,1.6264346851244214e-05,True
temporal,cgf_llm_adv,cgf_no_gate,98,161,0.0001088287015658,14.84169884169884,-0.017306495766488,-0.0247751790972676,-0.009923562675112,1.0,0.0006529722093948,True
temporal,cgf_llm_adv,meta,807,675,0.0006618478736889,11.57962213225371,0.0258586609988944,0.0087170721093558,0.0431400685178605,0.001,0.0033092393684445,True
temporal,cgf_llm_adv,cons,1013,888,0.0044426508950116,8.08837453971594,0.0341901122669443,0.0158751833838343,0.0536663850737949,0.0,0.0177706035800464,True
temporal,cgf_llm_adv,cgf_adv,73,104,0.0238637959438254,5.084745762711864,-0.0091312546571007,-0.0150869488021635,-0.0027597946507811,0.998,0.0715913878314762,False
temporal,cgf_llm_adv,cgf_llm,73,76,0.8699229710286401,0.0268456375838926,-0.0008244421051432,-0.0065583301168615,0.0050327587433547,0.6125,1.0,False
temporal,cgf_llm_adv,concat_meta,219,217,0.9618101638564108,0.0022935779816513,0.0002001028739596,-0.0094077656933012,0.0097834060951727,0.479,1.0,False
