protocol,model,accuracy_mean,accuracy_std,macro_f1_mean,macro_f1_std,precision_fake_mean,precision_fake_std,recall_fake_mean,recall_fake_std,auroc_mean,auroc_std,auprc_mean,auprc_std,ece_mean,ece_std,brier_mean,brier_std,n_seeds,params,train_seconds
random,cgf,0.8978,0.0038,0.8975,0.0038,0.909,0.0147,0.8757,0.0169,0.9623,0.0009,0.9613,0.0016,0.0688,0.0066,0.0838,0.0024,3,763546,12.09
random,cgf_adv,0.8893,0.0042,0.8892,0.0042,0.8855,0.0119,0.8847,0.0145,0.9543,0.0004,0.9523,0.0011,0.0433,0.032,0.0858,0.0044,3,782251,10.98
random,cgf_llm,0.8979,0.0027,0.8978,0.0025,0.8897,0.018,0.9,0.017,0.9606,0.0004,0.9585,0.0015,0.0626,0.0232,0.0838,0.0056,3,1061018,16.59
random,cgf_llm_adv,0.8892,0.0029,0.8888,0.0028,0.8999,0.0065,0.8661,0.0037,0.9528,0.0015,0.9505,0.0029,0.0529,0.0153,0.0875,0.0027,3,1079723,14.42
random,cgf_no_cons,0.8793,0.0027,0.8789,0.0026,0.8921,0.0137,0.8526,0.0115,0.9507,0.0021,0.9512,0.002,0.0571,0.0136,0.0925,0.0022,3,762004,10.16
random,cgf_no_gate,0.8922,0.0028,0.892,0.0028,0.8974,0.009,0.8764,0.01,0.958,0.0007,0.9563,0.0001,0.062,0.0291,0.0873,0.0064,3,631450,11.95
random,cgf_no_inter,0.8991,0.004,0.8989,0.0039,0.898,0.0201,0.8923,0.0178,0.9609,0.003,0.9575,0.0072,0.0625,0.0256,0.0836,0.0098,3,631450,16.01
random,cgf_no_meta,0.8729,0.0029,0.8726,0.0029,0.8766,0.009,0.8566,0.0119,0.9443,0.003,0.9419,0.0026,0.0605,0.0278,0.0988,0.0082,3,761224,10.49
random,concat,0.8546,0.0044,0.8543,0.0046,0.8536,0.0044,0.8425,0.015,0.9314,0.002,0.9295,0.0013,0.0435,0.0171,0.1066,0.0033,3,363650,7.21
random,concat_adv,0.8487,0.005,0.8483,0.0049,0.8513,0.012,0.8309,0.0129,0.9223,0.003,0.9173,0.0052,0.0355,0.0056,0.1112,0.0015,3,382355,9.03
random,concat_meta,0.8939,0.0028,0.8936,0.0028,0.9005,0.0157,0.8769,0.0202,0.9607,0.0014,0.9607,0.0013,0.0514,0.0205,0.0825,0.003,3,365972,7.87
random,cons,0.6791,0.0001,0.6689,0.0001,0.7341,0.0003,0.5226,0.0,0.6972,0.0001,0.7113,0.0006,0.0325,0.0094,0.2174,0.0008,3,33926,1.62
random,image,0.8043,0.0044,0.8038,0.0041,0.8036,0.0161,0.7861,0.0149,0.8866,0.0008,0.8903,0.0007,0.0245,0.0074,0.1357,0.0003,3,165506,3.2
random,late,0.8363,0.0024,0.8358,0.0028,0.8361,0.0177,0.8218,0.0319,0.9181,0.0015,0.9176,0.0015,0.0452,0.0072,0.1173,0.0013,3,397061,6.68
random,llm_emb,0.7757,0.0104,0.7754,0.0106,0.765,0.0044,0.7707,0.0243,0.8637,0.009,0.847,0.0125,0.0298,0.0025,0.1509,0.0051,3,264578,12.72
random,llm_zeroshot,0.5114,,0.4528,,0.4957,,0.8709,,0.5619,,0.5266,,0.3329,,0.3681,,1,0,0.0
random,majority,0.5187,,0.3415,,0.0,,0.0,,0.5,,0.4813,,0.4813,,0.4813,,1,0,0.0
random,meta,0.735,0.0042,0.7349,0.0042,0.7153,0.0081,0.7467,0.0068,0.8087,0.0037,0.7927,0.0053,0.025,0.0077,0.1789,0.0022,3,35732,5.31
random,subreddit_probe,1.0,,1.0,,1.0,,1.0,,1.0,,1.0,,0.0054,,0.0,,1,0,0.0
random,text,0.7872,0.0058,0.787,0.0058,0.7701,0.0139,0.7961,0.0285,0.8712,0.0024,0.861,0.0019,0.0612,0.0082,0.1502,0.0023,3,231554,7.81
random,tfidf_lr,0.7519,,0.7507,,0.7596,,0.7089,,0.8382,,0.8169,,0.0672,,0.1692,,1,0,0.0
source,cgf,0.6667,0.016,0.6243,0.0195,0.6425,0.0466,0.4124,0.0596,0.7036,0.0301,0.6129,0.0285,0.2526,0.0377,0.2827,0.026,3,763546,8.44
source,cgf_adv,0.6843,0.0033,0.653,0.0063,0.6532,0.0206,0.475,0.0364,0.7323,0.0213,0.6354,0.0159,0.1768,0.0532,0.241,0.0189,3,782251,7.26
source,cgf_llm,0.6757,0.0103,0.64,0.0202,0.6468,0.0403,0.4551,0.0941,0.7272,0.0346,0.6208,0.0235,0.215,0.0774,0.2609,0.0468,3,1061018,11.98
source,cgf_llm_adv,0.68,0.0118,0.657,0.0276,0.627,0.038,0.546,0.1394,0.7371,0.004,0.6308,0.0138,0.1792,0.0363,0.241,0.0155,3,1079723,8.33
source,cgf_no_cons,0.6894,0.0158,0.6734,0.0209,0.6259,0.0202,0.5841,0.0739,0.7314,0.0232,0.6496,0.0239,0.2466,0.0314,0.2702,0.0226,3,762004,12.47
source,cgf_no_gate,0.6915,0.0053,0.6643,0.0066,0.6563,0.0072,0.5019,0.0123,0.7445,0.015,0.6388,0.0067,0.1961,0.0263,0.2442,0.0158,3,631450,6.17
source,cgf_no_inter,0.6744,0.008,0.6389,0.0112,0.6436,0.0311,0.4482,0.0534,0.708,0.01,0.6229,0.0098,0.2421,0.0393,0.2748,0.0182,3,631450,7.71
source,cgf_no_meta,0.6386,0.0047,0.6001,0.0111,0.5781,0.0179,0.4085,0.0525,0.6844,0.0106,0.5584,0.0076,0.2463,0.0284,0.2872,0.0137,3,761224,6.87
source,concat,0.6484,0.0101,0.6348,0.0078,0.5677,0.0197,0.566,0.051,0.6937,0.013,0.5799,0.0196,0.1759,0.0233,0.2532,0.0097,3,363650,3.98
source,concat_adv,0.6459,0.0096,0.6318,0.0098,0.5648,0.0193,0.5633,0.0691,0.688,0.0131,0.5947,0.0183,0.1801,0.0067,0.2553,0.0051,3,382355,5.55
source,concat_meta,0.6876,0.0128,0.6536,0.016,0.6657,0.0292,0.4632,0.0406,0.7391,0.0219,0.6501,0.0268,0.2369,0.0481,0.2678,0.0266,3,365972,7.55
source,cons,0.6103,0.0,0.5621,0.0,0.5299,0.0,0.3433,0.0,0.5757,0.0,0.489,0.0001,0.0871,0.0195,0.2564,0.0021,3,33926,1.28
source,image,0.6579,0.0093,0.6212,0.0058,0.6132,0.0265,0.4288,0.0315,0.69,0.0326,0.6033,0.0177,0.1769,0.0638,0.2504,0.0325,3,165506,2.64
source,late,0.6644,0.0265,0.6404,0.0218,0.608,0.0566,0.5038,0.0474,0.7004,0.0326,0.6076,0.0404,0.1462,0.0459,0.2388,0.0252,3,397061,4.37
source,llm_emb,0.5645,0.0365,0.5583,0.0333,0.4703,0.0361,0.5522,0.0162,0.5943,0.0439,0.4768,0.0327,0.1123,0.0048,0.2563,0.0064,3,264578,2.31
source,llm_zeroshot,0.4229,,0.3859,,0.3977,,0.8241,,0.4447,,0.3595,,0.4193,,0.449,,1,0,0.0
source,majority,0.4054,,0.2885,,0.4054,,1.0,,0.5,,0.4054,,0.5946,,0.5946,,1,0,0.0
source,meta,0.5914,0.0226,0.586,0.0229,0.4966,0.0236,0.589,0.0298,0.6112,0.0225,0.4876,0.0212,0.1185,0.0134,0.2543,0.0075,3,35732,3.19
source,subreddit_probe,0.4054,,0.2885,,0.4054,,1.0,,0.5,,0.4054,,0.2491,,0.3031,,1,0,0.0
source,text,0.6285,0.0126,0.6157,0.0106,0.5417,0.0171,0.5525,0.035,0.6635,0.0148,0.5153,0.0118,0.1342,0.0108,0.2495,0.0038,3,231554,3.89
source,tfidf_lr,0.6258,,0.6163,,0.5356,,0.5785,,0.6575,,0.5629,,0.0929,,0.2323,,1,0,0.0
temporal,cgf,0.7413,0.0052,0.7385,0.0062,0.6739,0.01,0.885,0.0162,0.8434,0.0099,0.8157,0.0291,0.2217,0.0148,0.232,0.0096,3,763546,13.38
temporal,cgf_adv,0.7324,0.0057,0.7293,0.0066,0.6652,0.0085,0.8819,0.0098,0.822,0.0055,0.791,0.0031,0.2144,0.0117,0.2343,0.0056,3,782251,12.82
temporal,cgf_llm,0.7265,0.0039,0.7219,0.0038,0.6552,0.0027,0.8975,0.0094,0.8286,0.0181,0.7973,0.047,0.2269,0.0311,0.2426,0.0199,3,1061018,15.25
temporal,cgf_llm_adv,0.7244,0.0073,0.7196,0.0092,0.6538,0.0113,0.8961,0.0226,0.8074,0.0029,0.7646,0.007,0.2162,0.0208,0.2387,0.0154,3,1079723,17.24
temporal,cgf_no_cons,0.7021,0.006,0.6975,0.0059,0.6373,0.004,0.8684,0.0096,0.794,0.0047,0.7472,0.0236,0.2508,0.0289,0.2672,0.0129,3,762004,15.47
temporal,cgf_no_gate,0.734,0.001,0.7319,0.0013,0.6716,0.0046,0.8635,0.0179,0.838,0.0116,0.8236,0.0162,0.2223,0.0011,0.2361,0.0022,3,631450,11.77
temporal,cgf_no_inter,0.7453,0.003,0.7419,0.0039,0.6739,0.0071,0.901,0.0163,0.8613,0.0067,0.851,0.0069,0.2061,0.0121,0.22,0.0058,3,631450,10.34
temporal,cgf_no_meta,0.7021,0.0023,0.6954,0.0027,0.6326,0.0035,0.8929,0.0152,0.7923,0.0059,0.7607,0.0028,0.2421,0.0287,0.2617,0.0171,3,761224,10.72
temporal,concat,0.6839,0.0047,0.6754,0.0058,0.6166,0.0051,0.8887,0.006,0.7689,0.0188,0.7379,0.0241,0.2466,0.0144,0.2743,0.0034,3,363650,7.53
temporal,concat_adv,0.6806,0.0078,0.6726,0.0095,0.6156,0.0092,0.8766,0.0305,0.7454,0.0223,0.678,0.033,0.2225,0.0114,0.265,0.0076,3,382355,9.52
temporal,concat_meta,0.7224,0.0115,0.7173,0.014,0.6518,0.0153,0.8965,0.0186,0.8423,0.0049,0.8196,0.0049,0.2321,0.0173,0.2447,0.0082,3,365972,9.55
temporal,cons,0.6968,0.0,0.6863,0.0,0.7532,0.0,0.5398,0.0,0.7392,0.0,0.7506,0.0004,0.035,0.0146,0.211,0.0012,3,33926,2.34
temporal,image,0.644,0.0008,0.6374,0.0017,0.5911,0.0021,0.8175,0.0149,0.7133,0.0091,0.6951,0.018,0.2187,0.01,0.2802,0.0072,3,165506,2.97
temporal,late,0.667,0.0024,0.6615,0.003,0.6101,0.0047,0.8324,0.0285,0.7265,0.0096,0.6935,0.0142,0.225,0.0239,0.2722,0.0093,3,397061,6.29
temporal,llm_emb,0.6537,0.0058,0.6441,0.0014,0.5946,0.0012,0.8565,0.0465,0.6758,0.0096,0.5861,0.0214,0.1744,0.0144,0.2568,0.0049,3,264578,9.57
temporal,llm_zeroshot,0.5229,,0.4713,,0.4993,,0.8776,,0.5789,,0.5319,,0.3175,,0.3583,,1,0,0.0
temporal,majority,0.5241,,0.3439,,0.0,,0.0,,0.5,,0.4759,,0.4759,,0.4759,,1,0,0.0
temporal,meta,0.694,0.0053,0.6933,0.0055,0.6486,0.0072,0.7796,0.0087,0.7709,0.0016,0.7351,0.0003,0.0542,0.0091,0.198,0.0006,3,35732,3.59
temporal,subreddit_probe,0.9764,,0.9763,,1.0,,0.9504,,0.9882,,0.9829,,0.1159,,0.0669,,1,0,0.0
temporal,text,0.6414,0.008,0.6325,0.0069,0.5863,0.0046,0.8371,0.0226,0.6725,0.0169,0.5987,0.0319,0.1895,0.0283,0.2692,0.0093,3,231554,5.14
temporal,tfidf_lr,0.617,,0.616,,0.5808,,0.7012,,0.6588,,0.5941,,0.1104,,0.2433,,1,0,0.0
